;school;sex;age;address;famsize; pstatus ; medu ; fedu ;mjob ;fjob ;reason;guardian;traveltime;studytime;failures;schoolsup;famsup;paid;activities;nursery;higher;internet;romantic;famrel;freetime;goout;Dalc;Walc;health;absences;G1;G2;G3
0;GP;F;18;U;GT3;A;4;4;at_home;teacher;course;mother;2;2;0;yes;no;no;no;yes;yes;no;no;4;3;4;1;1;3;4;0;11;11
1;GP ;F;17;u;GT3;T;1;1;at_home;other;course;father;1;2;0;no;yes;no;no;no;yes;yes;no;5;3;3;1;1;3;2;9;11;11
2;GP;female;15;U;LE3;T;1;1;at_home;other;other;mother;1;2;0;yes;no;no;no;yes;yes;yes;no;4;3;2;2;3;3;6;12;13;12
3;GP;F;15;U;GT3;T;4;2;health;services;home;mother;1;3; 0 ;no;yes;no;yes;yes;yes;yes;yes;3;2;2;1;1;5;0;14;14;14
4; ?;F;16;U;GT3;T;3;3;other;other;home;father;1;2;0;no;yes;no;no;yes;yes;no;no;4;3;2;1;2;5;0;11;13;13
5;GP;M;16;U;LE3;T;4;3;services;other;reputation; ?;1;2;0;no;yes;no;yes;yes;yes;yes;no;5;4;2;1;2;5;6;12;12;13
6;GP;M;16;U;LE3;T;2;2;other;other;unknown;mother;1;2;0;no;no;no;no;yes;yes;yes;no;4;4;4;1;1;3;0;13;12;13
7;GP;F;17;U;GT3;A;4;4;other;teacher;home;mother;2;2;0;yes;yes;no;no;yes;yes;no;no;4;1;4;1;1;1;2;10;13;13
8;GP;M;15;U;LE3;A;3;2;services;other;home;mother;1;2;0;no;yes;no;no;yes;yes;yes;no;4;2;2;1;1;1;0;15;16;17
9;GP;M;15;U;GT3;T;3;4;other;other;home;mother;1;2;0h;no;yes;no;yes;yes;yes;yes;no;5;5;1;1;1;5;0;12;12;13
10;GP;F;15;u;GT3;T;4;4;teacher;health;reputation;mother;1;2;0;no;yes;no;no;yes;yes;yes;no;3;3;3;1;2;2;2;14;14;14
11;GP;F;15;U;GT3;T;2;1;services;other;N/A;father;3;3;0;no;yes;no;yes;yes;yes;yes;no;5;2;2;1;1;4;0;10;12;13
12;GP;M;15;U;LE3;T;4;4;health;services;course;father;1;1;0;no;yes;no;yes;yes;yes;yes;no;4;3;3;1;3;5;0;12;13;12
13;GP;M;15;U;GT3;T;4;3;teacher;other;course;mother;2;2;0;no;yes;no;no;yes;yes;yes;no;5;4;3;1;2;3;0;12;12;13
14;GP;M;15;U;GT3;A;2;2;other;N/A;home;other;1;3;0;no;yes;no;no;yes;yes;Y;yes;4;5;2;1;1;3;0;14;14;15
15;GP;F;16;U;GT3;T;4;4;health;other;home;mother;1;1;0;no;yes;no;no;yes;yes;yes;no;4;4;4;1;2;2;6;17;17;17
16;GP;F;16;urban;GT3;T;4;4;services;services;reputation;mother;1;3;0;no;yes;no;yes;yes;yes;yes;no;3;2;3;1;2;2;10;13;13;14
17;GP;F;16;U;GT3;T;3;3;other;other;reputation;mother;3;2;0;yes;yes;no;yes;yes;yes;no;no;5;3;2;1;1;4;2;13;14;14
18;GP;M;17;U;GT3;T;3;2;services;services;course;mother;1;1;3;no;yes;yes;yes;yes;yes;yes;no;5;5;5;2;4;5;2;8;8;7
19;GP;M;16;U;LE3;T;4;3;health;other;home;dad;1;1;0;no;no;no;yes;yes;yes;yes;no;3;1;3;1;3;5;6;12;12;12
20;GP;M;15;U;GT3;T;4;3;teacher;other;reputation;mother;1;2;0;no;no;no;no;yes;Yes;yes;no;4;4;1;1;1;1;0;12;13;14
21;GP;M;15;U;GT3;T;4;4;health;health;other;father;1;1;0;no;yes;yes;no;yes;yes;yes;no;5;4;2;1;1;5;0;11;12;12
22;GP;M;16;U;LE3;T;4;2;teacher;other;course;mother;1;2;0;no;no;no;yes;yes;yes;yes;no;4;5;1;1;3;5;0;12;13.0;14
23;GP;M;16;U;LE3;T;2;2;other;other;reputation;mother;2;2;0;no;yes;no;yes;yes; y;yes;no;5;4;4;2;4;5;2;10;10;10
24;GP;F;15;R;GT3;T;2;4;services;health;course;mother;1;3;0;yes;yes;no;yes;yes;yes;yes;no;4;3;2;1;1;5;2;10;11;10
25;GP;F;16; ?;GT3;T;2;2;services;services;home;mother;1;1;0;no;yes;no;no;no;yes;yes;no;1;2;2;1;3;5;6;10;11;12
26;GP;M;15;U;GT3;T;2;2;other;other;home;mother;1;1;0;no;yes;no;no;yes;yes;yes;no;4;2;2;1;2;5;8;11;12;12
27;GP;M;15;U;GT3;T;4;2;health;services;other;mother;1;1;0;no;no;no;no;yes;yes;yes;no;2;2;4;2;4;1;0;11;11;11
28;GP;M;16;U;LE3;A;3;4;services;other;home;mother;1;2;0;yes;yes;yes;yes;yes;yes;yes;no;5;3;3;1;1;5;2;12;12;13
29;GP;M;16;U;GT3;T;4;4;teacher;teacher;home; mother ;1;2;0;no;yes;yes;yes;yes;yes;yes;yes;4;4;5;5;5;5;4;12;11;12
30;GP;M;15;;GT3;T;4;4;health;services;home;mother;1;2;0;no;yes;yes;no;no;yes;yes;no;5;4;2;3;4;5;0;10;11;11
31;GP;M;15;U;GT3;T;4;4;services;services;reputation;mother;2;2;0;no;yes;no;yes;yes;yes;N/A;no;4;3;1;1;1;5;2;15;15;15
32;GP;M;15;R;GT3;T;4;3;teacher;at_home;course;mother;1;2;0;no;yes;no;yes;yes;yes;yes;yes;4;5;2;1;1;5;0;13;14;15
33;GP;M;15;U;LE3;T;3;3;other;other;course;mother;1;2;0;no;no;no;yes;no;yes;yes;no;5;3;2;1;1;2;0;13;12;12
34;GP;M;16;U;GT3;T;3;2;other;other;home;mother;1;1;0;no;yes;no;no;no;yes;yes;no;5;4;3;1;1;5;4;12;12;12
35;GP;F;15;U;GT3;T;2;3;other;other;other;father;2;1;0;no;yes;no;yes;yes;yes;no;no;3;5;1;1;1;5;4;11;11;11
36;GP;M;15;U;LE3;T;4;3;teacher;services;home;mother;1;3;0;no;yes;no;yes;yes;YES;Yes;no;5;4;3;1;1;4;0;14;14;14
37;GP;M;16;R;GT3;A;4;4;other;teacher;reputation;mother;2;3.0;0;no;yes;no;yes;yes;yes;yes;yes;2;4;3;1;1;5;4;13;13;13
38;unknown;F;15;R ;GT3;T;3;4;services;health;course;mother;1;3;0;yes;yes;no;yes;yes;yes;yes;no;4;3;2;1;1;5;2;11;12;12
39;GP;F;15;R;GT3;T;2;2;at_home;other;reputation;mother;1;1;0;yes;yes;no;yes;yes;yes;no;no;4;3;1;1;1;2;8;14;13;12
40;GP;F;16;U;LE3;T;2;2;other;other;home;mother;2;2;0;no;yes;no;yes;no;yes;yes;yes;3;3;3;1;2;3;16;11;11;10
41;GP;M;15;U;LE3;T;4;4;teacher;other;home;other;1;1;0;no;yes;no;no;no;yes;N/A;yes;5;4;3;2;4;5;8;10;11;11
42;GP;M;15;U;GT3;T;4;4;services;teacher;course;father;1;2; 0 ;no;yes;no;yes;yes;yes;yes;no;4;3;3;1;1;5;0;14;15;15
43;GP;M;15;U;GT3;T;2;2;services;services;course;father;1;1;0;yes;yes;no;no;yes;yes;yes;no;5;4;1;1;1;1;0;9;10;10
44;GP;F;16;U;LE3;T;2;2;other;at_home;course;father;2;2;1.0;yes;no;no;yes;yes;yes;yes;no;4;3;3;2;2;5;14;10;11;11
45;GP;F;15;U;LE3;A;4;3;other;other;course;mother;1;2;0;yes;yes;yes;yes;yes;yes;yes;yes;5;2;2;1;1;5;4;10;11;11
46;GP;female; 16 ;U;LE3;A;3;3;other;services;home;mother;1;2;0;no;yes;no;no;yes;yes;yes;no;2;3;5;1;4;3;6;13;12;13
47;GP;M;16;U;GT3;T;4;3;health;services;reputation;mother;1;4;0;no;no;no;yes;yes;yes;yes;no;4;2;2;1;1;2;2;17;17;17
48;GP;M;15;U;GT3;T;4;2;teacher;other;home;mother;1;2;0;no;yes;no;no;yes;yes;no;no;4;3;3;2;2;5;4;11;12;13
49;GP;F;15;U;GT3;T;4;4;services;teacher;other;father;1;2;0;yes;yes;no;yes;no;yes;yes;no;4;4;4;1;1;3;2;13;12;12
50;GP;F;16;U;LE3;T;2;2;services;services;course;mother;3;2;0;no;yes;no;no;yes;yes;yes;no;4;3;3;2;3;4;0;14;13;13
51;GP;F;15;urban;LE3;T;4;2;health;other;other;Mother;1;2;0;no;yes;no;no;yes;yes;yes;no;4;3;3;1;1;5;0;16;14;16
52;GP;M;15;U;LE3;A;4;2;;health;other;father;2;1;0;no;no;no;no;yes;yes;no;no;5;5;5;3;4;5;4;10;9;9
53;GP;F;15;u;GT3;T;4;4;services;services;course;mother;1;1;0;yes;yes;no;no;yes;yes;yes;no;3;3;4;2;3;5;0;13;12;12
54;GP;F;15;U;LE3;A;3;3;other;other;other;mother;1;1;0;no;no;no;no;yes;yes;yes;no;5;3;4;4;4;1;0;13;12;13
55;GP;F;16;U;GT3;A;2;1;other;other;other;mother;1;2;0;no;no;no;yes;yes;yes;yes;yes;5;3;4;1;1;2;2;12;13;12
56;GP;F;15;U;GT3;A;4;3;services;services;reputation;mother;1;2;0;no;yes;no;yes;yes;yes;yes;no;4;3;2;1;1;1;0;15;14; 15 
57;GP;M;15;U;GT3;T;4;4;teacher;health;reputation;mother;1;2;0;no;yes;no;yes;yes;yes;no;no;3;2;2;1;1;5;8;15;15;16
58;GP;M;15;U;LE3;T;1;2;other;at_home;home;father;1;2;0;yes;yes;no;yes;yes;yes;yes;no;4;3;2;1;1;5;0;14;13;14
59;GP;F;16;U;GT3;T;4;2;services;other;course;mother;1;2;0;no;yes;yes;no;yes;yes;yes;no;4;2;3;1;1;5;2;16;15;16
60;GP;F;16;R;GT3;T;4;4;health;teacher;other;mother;1;2;0;no;yes;no;yes;yes;yes;no;no;2;4;4;2;3;4;0;17;16;16
61;GP;F;16;U;GT3;T;1;1;services;services;course;father;4;1;0;yes;yes;no;yes;no;yes;yes ;yes;5;5;5;5;5;5;0;10;10;16
62;GP;F;16;U;LE3;T;1;2;other;services;reputation;father;1;2;0;yes;no;no;yes;yes;yes;yes;no;4;4;3;1;1;1;0;13;13;10
63;GP;F;16;U;GT3;T;4;3;teacher;health;home;mother;1;3;0;yes;yes;no;yes;yes;yes;yes;no;3;4;4;2;4;4;0;14;13;13
64;GP;F;15;U;LE3;T;4;3;services;services;reputation;father;1;2;0;yes;no;no;yes;yes;yes;yes;yes;4;4;4;2;4;2;0;13;12;12
65;GP;F;16;U;LE3;T;4;3;teacher;services;course;mother;3;2;0;no;yes;no;yes;yes;yes;yes;no;5;4;3;1;2;1;2;16;15; 16 
66;GP;M;15;U;GT3;A;4;4;other;services;reputation;mother;1;4;0;no;yes;no;yes;no;yes;yes;yes;1;3;3;5;5;3;0;11;12;12
67;GP;F;16;U;GT3;T;3;1;services;other;course;mother;1;4;0;yes;yes;no;no;yes;yes;yes;no;4;3;3;1;2;5;0;10;9;10
68;GP;F;15;R;LE3;T;2;2;health;services;reputation;mother;2;2;0;yes;yes;no;no;yes;yes;yes;no;4;1;3;1;3;4;0;11;10;11
69;GP;F;15;R;LE3;T;3;1;other;other;reputation;father;2;4.0;0;no;yes;no;no;no;yes;yes;no;4;4;2;2;3;3;6;15;15;15
70;GP;M;16;U;GT3;T;3;1;other;other;reputation;father;2;4;0;no;yes;no;no;yes;yes;yes;no;4;3;2;1;1;5;2;13;11;11
71;GP ;M;15;U;GT3;T;4;2;other;other;course;mother;1;4;0;no;no;no;no;yes;yes;yes;no;3;3;3;1;1;3;0;11;9;10
72;GP;F;15;R;GT3;T;1;1;other;other;reputation;unknown;1;2;0;yes;yes;no;no;no;yes;yes;yes;3;3;4;2;4;5;2;13;11;11
73;GP;M;16;U;GT3;T;3;1;other;other;reputation;mother;1;1;0;no;no;no;yes;yes;yes;no;no;5;3;2;2;2;5;0;13;13;14
74;GP;F;16;U;GT3;T;3;3;other;services;home;mother;1;2;0;yes;yes;no;yes;yes;yes;yes;no;4;3;3;2;4;5;4;11;11;11
75;GP;M;15h;N/A;GT3;T;4;3;teacher;other;home;mother;1;2;0;no;yes;no;yes;yes;yes;yes;no;4;3;3;2;3;5;0;11;11;11
76;GP;M;15;U ;GT3;T;4;0;teacher;other;course;mother;2;4;0;no;no;no;yes;yes;yes;yes;no;3;4;3;1;1;1;0;12;11;11
77;GP;F ;16;U;GT3;T;2;2;other;other;reputation;mother;1;4;0;no;no;no;no;yes;yes;yes;yes;5;2;3;1;3;3;1;13;13;13
78;GP;M;17;U;GT3;T;2;1;other;other;home;mother;2;1;3;yes;yes;no;yes;yes;no;yes;no;4;5;1;1;1;3;0;9;9;10
79;GP;F;16;U;GT3;T;3;4;at_home;other;course;mother;1;2;0;no;yes;no;no;yes;yes;yes;no;2;4;3;1;2;3;14;12;11;11
80;GP;M;15;U;GT3;T;2;3;other;services;course;father;1;1;0;yes;yes;no;yes;no;yes;yes;yes;3;2;2;1;3;3;0;11;11;12
81;GP;M;15;U;GT3;T;2;3;other; ?;home;mother;1;3;0;yes;no;no;no;no;yes;yes;no;5;3;2;1;2;5;2;10;9;9
82;GP;F;15;U;LE3;T;3;2;services;other;reputation;mother;1;2;0;no;yes;no;no;yes;YES;yes;no;4;4;4;1;1;5;4;12;11;11
83;GP;M;15;U;LE3;T;2;2;services;services;home;mother;2;2.0;0;no;no;yes;yes;yes;yes;yes;no;5;3;3;1;3;4;2;13;12;13
84;GP;F;15;U;GT3;T;1;1;other;other;home;father;1;2;0;no;yes;no;yes;no;yes;yes;no;4;3;2;2;3;4;2;13;12;12
85;GP;F;15;U;GT3;T;4;4;services;services;reputation;father;2;2; 0 ;no;no;no;no;yes;yes;yes;yes;4;4;4;2;3;5;4;12;11;12
86;GP;F;16;U;LE3;T;2;2;at_home;other;course;mother;1;2;0;no;yes;no;no;yes;yes;no;no;4;3;4;1;2;2;6;13;11;11
87;GP;F;15;U;GT3;T;4;2;other;other;N/A;mother;1;3;0;no;yes;no;yes;yes;yes;yes;no;5;3;3;1;3;1;4;15;15;15
88;GP;male;16h;U;GT3;T;2;2;services;other;reputation;father;2;2;0;no;no;no;yes;no;yes;yes;no;4;4;2;1;1;3;6;12;10;11
89;GP;M;16;U;LE3;A;4;4;teacher;health;reputation;mother;1;2;0;no;yes;no;no;yes;yes;no;no;4;1;3;3;5;5;6;9;9;10
90;GP;F;16;U;GT3;T;3;3;other;other;home;mother;1;3;0;no;yes;no;no;yes;yes;yes ;yes;4;3;3;1;3;4;2;9;11;11
91;GP;F;15;U;GT3;T;4;3;services;other;reputation;mother;1;1;0;no;no;no;yes;yes;yes;yes;no;4;5;5;1;3;1;6;14;13;13
92;GP;F;16;U;LE3;T;3;1;other;other;home;father;1;2;0;yes;yes;no;no;yes;yes;no;no;3;3;3;2;3;2;0;12;13;12.0
93;GP;F;16;U;GT3;T;4;2;teacher;services;home; mother ;2;2;0;no;yes;no;yes;yes;yes;yes;no;5;3;3;1;1;1;2;13.0;14;14
94;GP;M;15;U;LE3;T;2;2;services;health;reputation;mother;1;4;0;no;yes;no;yes;yes;yes;yes;no;4;3;4;1;1;4;2;11;12;12
95;GP;F;15;R;GT3;T;1;1;at_home;other;home;Mother;2;4;0;yes;yes;yes;yes;yes;yes;yes;no;3;1;2;1;1;1;4;13;13;13
96;GP;M;16;R;GT3;T;4;3;services;other;reputation;mother;2;1;0;yes;yes;yes;yes;no;yes;yes;no;3;3;3;1;1;4;6;9;11;11
97;GP;F;16;U;GT3;T;2;1;;other;unknown;mother;1;2;0;no;yes;no;no;yes;yes;no;yes;4;3;5;1;1;5;0;13;12;12
98;GP;F;16;U;GT3;T;4;4;other;other;unknown;mother;1;1;0;no;no;no;yes;no;yes;yes;no;5;3;4;1;2;1;4;12;13;13
99;GP;F;16;U;GT3;T;4;3;other;at_home;course;mother;1;3;0;yes;yes;no;no;yes;yes;yes;no;5;3;5;1;1;3;2;12;13;13
100;GP;M;16;U;GT3;T;4;4;unknown;services;other;mother;1;1;0;yes;yes;no;yes;yes;yes;yes;no;4;5;5;5;5;4;12;9;9;8
101;GP;M;16;U;GT3;T;4;4;services;teacher;other;father;1;3;0;no;yes;no;yes;yes;yes;yes;yes;4;4;3;1;1;4;0;16;16;16
102;GP;M;15;U;GT3;T;4;4;services;other;course;mother;1;1;0;no;yes;yes;yes;no;yes;yes;no;5;3;3;1;1;5;2;12;13;12
103;GP;F;15;U;GT3;T;3;2;services;other;home;mother;2;2;0;yes;yes;no;no;yes;yes;yes;no;4;3;5;1;1;2;16;11;10;10
104;GP;M;15h;N/A;GT3;A;3;4;services;other;course;mother;1;2;0;no;yes;no;yes;yes; y;yes;no;5;4;4;1;1;1;0;16;16;16
105;GP;F;15;U;GT3;A;3;3;other;health;reputation;;1;4;0;yes;no;no;no;yes;yes;no;no;4;3;3;1;1;4;10;10.0;10;10 points
106;GP;F;15;U;GT3;T;2;2;other;other;course;mother;1;4;0;yes;yes;no;no;yes;yes;yes;no;5;1;2;1;1;3;4;10;10;10
107; Gabriel Pereira;M;16;U;GT3;T;3;3;services;other;home;father;1;3;0;no;yes;no;yes;yes;yes;yes;no;5;3;3;1;1;5;4;13;14;14
108;GP;M;15;R;GT3;T;4;4;other;other;home;father;4;4;0;no;yes;no;yes;yes;yes;yes;yes;1;3;5;3;5;1;8;12;10;11
109;GP;F;16;U;LE3;T;4;4;health;health;other;mother;1;3;0;no;yes;no;yes;yes;yes;yes;yes;5;4;5;1;1;4;2;15;15;14
110;GP;M;15;U;LE3;A;4;4;teacher;teacher;course;mother;1;1;0;no;no;no;yes;yes;yes;yes;no;5;5;3;1;1;4;4;13;14;14
111;GP;F;16;R;GT3;T;3;3;services;other;reputation;father;1;3;0;yes;yes;no;yes;yes;yes;Y;no;4;1;2;1;1;2;4;11;11;11
112;GP;F;16;U;GT3;T;2;2;at_home;other;home;mother;1;2;1;yes;no;no;yes;yes;yes;;no;3;1;2;1;1;5;12; 8 ;10;10
113;GP ;M;15;U;LE3;T;4;2;teacher;other;course;mother;1;1;0;no;no;no;no;yes;yes;yes;no;3;5;2;1;1;3;10;18;17;18
114;GP;M;15;R;GT3;T;2;1;health;services;reputation;mother;1;2;0;no;no;no;yes;yes;yes;yes;yes;5;4;2;1;1;5;4;10;9;10
115;GP;M;16;U;GT3;T;4;4;teacher;teacher;course;father;1;2;0;no;yes;no;yes;yes;yes;yes;no;5;4;4;1;2;5;6;16;14;14
116;GP;M;15;U;GT3;T;4;4;other;teacher;reputation;father;2;2;0;no;yes;no;yes;yes;yes;no;no;4;4;3;1;1;2;4;16;15;16
117;GP;M;16;U;GT3;T;3;3;other;services;home;father;2;1;0;no;no;no;yes;yes;Yes;yes;no;5;4;2;1;1;5;6;14;14;15
118;GP;M;17;R;GT3;T;1;3;other;other;course;father;3;2;1;no;yes;no;yes;yes;yes;yes;no;5;2;4;1;4;5;14;12;11;11
119;GP;M;15;U;GT3;T;3;4;other;other;reputation;father;1;1;0;no;no;no;no;yes;yes;yes;no;3;4;3;1;2;4;2;14;13;14
120;GP;F;15;U;GT3;T;1;2;at_home;services;course;mother;1;2;0;no;no;no;no;no;yes;yes;no;3;2;3;1;2;1;0;14;14;14
121;GP;M;15;U;GT3;T;2;2;services;services;home;father;1;4;0;no;yes;no;yes;yes;;yes;no;5;5;4;1;2;5;6;14;13;13
122;GP;F;16;U;LE3;T;2;4;other;health;course;father;2;2;0;no;yes;no;yes;yes;yes;yes ;yes;4;2;2;1;2;5;2;14;12;13
123;GP;M;16;U;GT3;T;4;4;health;other;course;mother;1;1h;0;no;yes;no;yes;yes;yes;yes;no;3;4;4;1;4;5;4;12;13;13
124;GP;F;16;U;GT3;T;2;2;other;other;home;mother;1;2;0;no;no;no;no;yes;yes;yes;yes;5;4;4;1;1;5;0;12;11;11
125;GP;M;15;U;GT3;T;3;4;services;services;home;father;1;1;0;yes;no;no;no;yes;yes;yes;no;5;5;5;3;2;5;2;9;9;9
126;GP;F;15;U;LE3;A;3;4;other;other;home;mother;1;2;0;yes;no;no;yes;yes;yes;yes;yes;5;3;2;1;1;1;0;10;11;11
127;GP;F;19;U;GT3;T;0;1;at_home;other;course;other;1;2;2;no;yes;no;no;no;no;no;no;3;4;2;1;1;5;0;9;10;11
128;GP;M;16;R;GT3;T;4;4;teacher;teacher;course;mother;1;1;0;no;no;no;yes;yes;yes;yes;no;3;5;5;2;5;4;8;14;14;15
129;GP;M;16;U;GT3;T;2;3;other;other;course;mother;2;3;0;no;yes;no;no;no;yes;yes;yes;3;2;3;2;2;1;4;13;12;13.0
130;GP;female;15;R;GT3;T;3;4;services;teacher;course;father;2;3;0;no;yes;no;no;yes;yes;yes;yes;4;2;2;2;2;5;0;10;11;12
131;GP;F;18;U;GT3;T;2;1;services;other;reputation;mother;1;2;3;no;yes;no;yes;yes;no;yes;yes;5;4;5;1;3;5;10;10;9;8
132;GP;F;17;U;LE3;A;2;1;other;other;course;mother;3;1;0;no;yes;no;no;yes;yes;yes;no;3;2;2;1;2;5;8;11;10;11
133;GP;F;15;U;GT3;T;1;1;at_home;other;course;mother;3;1;0;no;yes;no;yes;no;yes;yes;yes;4;3;3;1;2;4;6;11;12;13
134;GP;F; 17 ;U;LE3;T;2;2;other;other;course;father;1;1; 0 ;no;yes;no;no;yes;yes;yes;yes;3;4;4;1;3;5;2;13;12;12
135;GP;F;16;U;GT3;A;3;4;services;unknown;course;father;1;1;0;no;no;no;no;yes;yes;;no;3;2;1;1;4;5;12;15;13;14
136;GP;M;16;U;GT3;T;2;1;at_home;other;course;mother;4;1;0;no;no;no;no;yes;yes;no;no;3;2;1;1;1;2;4;9;9;11
137;GP;F;16;U;GT3;A;2;2;other;other;home;mother;1;1;1;no;no;no;no;yes;yes;no;no;5;3;4;1;1;5;12;13;11;11
138;GP;M;15;unknown;GT3;T;3;4;at_home;teacher;course;mother;4;2;0;no;yes;no;no;yes;yes;no;yes;5;3;3;1;1;5;2;12;11;11
139; Gabriel Pereira;F;15;U;GT3;T;4;4;services;at_home;course;mother;1;3;0;no;yes;no;yes;yes;yes;yes;yes;4;3;3;1;1;5;4;13;14;15
140;GP;M;17;R;GT3;T;3;4;at_home;other;course;mother;3;2;0;no;no;no;no;yes;yes;no;no;5;4;5;2;4;5;2;10;9;10
141;GP;F;16;R;GT3;T;1;1;at_home;other;course;mother;4;2;0;no;yes;no;no;yes;yes;no;no;5;1;3;1;1;3;0;14;13;13
142;GP;M;18;U;LE3;T;3;1;services;services;course;mother;2;1;0;no;no;no;yes;yes;yes;Y;yes;3;3;4;4;5;4;2;11;11;12
143;GP;F;18;U;GT3;A;3;2;other;services;course;other;1;3;0;no;yes;no;yes;no;yes;yes;yes;4;3;3;5;1;5;10;12;11;11
144;GP;F;16;R;GT3;T;1;1;other;services;reputation;mother;2;1;0;no;yes;no;yes;yes;yes;no;yes;3;3;3;1;2;1;8;12;11;11
145;GP;F;16;urban;GT3;A;3;3;other;other;course;other;2;1;0;no;yes;no;yes;no;yes;yes;yes;4;3;2;1;1;5;4;9;9;10 points
146;GP;M;16;U;LE3;T;1;1;services;other;course;mother;1;2;2;no;no;no;no;yes;yes;no;yes;4;4;4;1;3;5;0;10;10;10
147;GP;F;15;U;GT3;T;4;4;teacher;teacher;course;mother;2;1;0;no;no;no;yes;yes;yes;yes;no;4;3;2;1;1;5;6;13;14;14
148;GP;F;15;R;GT3;T;1;1;other;other;course;mother;3;1;1;no;no;no;yes;yes;yes;yes;yes;5;5;5;1;1;1;2;8;9;9
149;GP;M;15;unknown;GT3;T;4;3;teacher;services;course;father;2;4;0;yes;yes;no;no;yes;yes;yes;no;2;2;2;1;1;3;6h;9;11;11
150;GP;F;15;U;GT3;A;3;3;services;services;home;mother;1;2;0;no;no;no;no;no;yes;no;yes;1;3;2;2;3;1;24;9;8;9
151;GP;M;16;U;GT3;T;4;4;services;services;course;mother;1;3;0;no;yes;no;yes;yes;yes;yes;no;5;3;3;1;3;5;0;15;-3;13
152;gp;M;16;U;LE3;T;2;2;services;services;reputation;father;2;1;0;no;yes;no;yes;yes;yes;yes;no;2;3;3;2;2;2;4;12;11;11
153;unknown;F;15;U;GT3;T;4;4;teacher;services;course;mother;1;3;0;no;yes;no;yes;yes;yes;yes;no;4;2;2;1;1;5;2;13;13;13
154;GP ;F;16;U;LE3;T;1;1;at_home;at_home;course;mother;1;1;0;no;no;no;no;yes;yes;yes;no;3;4;4;3;3;1;4;10;11;11
155;GP;M;17;U;GT3;T;2;1;other;other;home;mother;1;1;0;no;yes;no;no;yes;yes;yes;no;5;4;5;1;2;5;22;9;7;6
156;GP;F;15;U;GT3;T;1;1;other;services;course;father;1;2;0;no;yes;no;no;yes;yes;yes;no;4;4;2;1;2;5;0;12;12;12
157;GP;F;15;U;LE3;A;2;1;at_home;other;home;mother;2;1;0;no;yes;no;yes;yes;no;yes;yes;4;4;2;1;1;5;0;11;10;10
158;GP;F;15;U;GT3;T;3;2;health;services;home;father;1;2;1;no;yes;no;no;yes;yes;yes;no;3;3;2;1;1;3;2;11;11;11
159;GP;F;15;U;GT3;T;1;2;at_home;other;course;mother;1;2;0;no;yes;no;no;no;yes;yes;no;4;3;2;1;1;5;6;13;12;13
160;GP;F;15;U;GT3;T;1;2;at_home;services;course;father;1;2.0;0;no;no;no;no;no; y;no;yes;2;3;4;2;4;1;6;11;11;11
161;GP;M;16;;GT3;T;4;4;teacher;teacher;course;mother;1;1;0;no;yes;no;no;yes;no;yes;yes;3;3;2;2;1;5;16;9;9;8
162;GP;M;15;U;LE3;A;2;1;services;other;course;mother;4;1;0;no;no;no;no;yes;;yes;no;4;5;5;2;5;5;0;12;11.0;11
163;GP;M;18;U;LE3;T;1;1;other;other;course;mother;1;1;2;no;no;no;no;yes;no;yes;yes;2;3;5;2;5;4;0;11;9;0
164;GP;M;16;U;LE3;T;2;1;at_home;other;course;mother;1;1;1;no;no;no;yes;yes;yes;no;yes;4;4;4;3;5;5;6;9;10;10
165;GP;F;15;R;GT3;T;3;3;services;services;reputation;other;2; 3 ;0;no;yes;yes;yes;yes;yes;yes;yes;4;2;1;2;3;3;2;13;13;13
166;GP;M;19;U;GT3;T;3;2;services;at_home;home;Mother;1;1;0;no;yes;no;no;yes;no;yes;yes;4;5;4;1;1;4;6;11;9;11
167;GP;F;17;U;GT3;T;4;4;other;teacher;course;mother;1;1;0;yes;yes;no;no;yes;yes;no;yes;4;2;1;1;1;4;0;13;13;13
168;GP;M;15;R;GT3;T;2;3;at_home;services;course;mother;1;2;0;yes;no;yes;yes;yes;yes;no;no;4;4;4;1;1;1;0;7;8;8
169;GP;M;17;R;LE3;T;1;2;other;other;reputation;mother;1;1;3;no;no;no;no;yes;yes;no;no;2;2;2;3;3;5;14;9;8;10
170;GP;F;18;R;GT3;T;1;1;at_home;unknown;course;mother;3;1;3;no;yes;no;yes;no;yes;no;no;5;2;5;1;5;4;6;11;10;11
171;GP;M;16;R;GT3;T;2;2;at_home;other;course;mother;3;1;0;no;no;no;no;no;yes;no;no;4;2;2;1;2;3;4;12;10;11
172;GP;M;16;U;GT3;T;3;3;other;services;course;father;1;2;1;no;yes;no;no;yes;yes;yes;yes;4;5;5;4;4;5;0;10;10;1
173;GP;M;16;U;LE3;T;1;2;health;services;course;mother;2;1;2;no;no;no;no;no;yes;yes;no;4;4;5;3;5;5;0;9;8;10
174;GP;M;17;R;LE3;T;2;1;at_home;other;course;mother;2;1;1;no;no;yes;yes;yes;no;yes;yes;3;3;2;2;2;5;8;8;8;9
175;GP;M;17;R;GT3;T;3;2;other;other;course;mother;2;2;2h;yes;yes;no;no;yes;yes;yes;yes;4;4;4;1;4;3;4;7;6;8
176;GP;M;15;U;LE3;T;1;2;other;other;course;mother;2;1;0;no;no;no;yes;yes;yes;N/A;no;4;4;4;2;4;5;2;8;9;10
177;GP;M;16;U;GT3;T;1;3;at_home;services;course;father;1;1;1;no;no;no;no;yes;no;Y;no;5;3;3;1;4;2;2;9;8;8
178;GP;M;17;R;LE3;T;1;1;other;services;course;mother;4;2;0;no;no;no;yes;yes;no;no;yes;5;3;5;1;5;5;0;8;8;8
179;GP;M;17;U;GT3;T;3;2;services;services;course;mother;2;1;3;no;yes;no;yes;no;no;no;no;4;5;2;1;1;2;10;8;7;8
180;GP;M;16;U;GT3;T;2;2;other;other;course;father;1;2;0;no;no;no;no;yes;no;yes;no;4;3;5;2;4;4;0;9;10;11
181;GP;F;16;U;GT3;T;4;2;health;services;home;father;1;2;0;no;no;no;no;yes;Yes; ?;yes;4;2;3;1;1;3;0;17;17;18
182;GP;F;16;U;GT3;T;2;2;other;other;home;mother;1;2;0;no;yes;no;no;no;yes;yes;no;5;1;5;1;1;4;0;12;12;13
183;GP;F;16;U;GT3;T;4;4;health;health;reputation; mother ;1;2;0;no;yes;no;no;yes;yes;yes;yes;4;4;2;1;1;3;0;16;16;17
184;GP;M ;16;U;GT3;T;3;4;other;other;course;father;3;1;1;no;yes;no;yes;no;yes;yes;no;3;4;5;2;4;2;4;9;9;10
185;GP;M;16;U;GT3;T;1;0;other;other;reputation;mother;2;2;0;no;yes;no;yes;yes;yes;yes;yes;4;3;2;1;1;3;0;16;17;18
186;GP;M;17;U;LE3;T;4;4;teacher;other;reputation;mother;1;2;0;no;yes;no;yes;yes;yes;yes;no;4;4;4;1;3;5;0;11;9;10
187;GP;F;16;U;GT3;T;1;3;at_home;services;home;mother;1;2;0;no;no;no;yes;no;yes;yes;yes;4;3;5;1;1;3;0;14;13;13
188;GP;F;16;U;LE3;T;3;3;other;other;reputation;mother;2;2;0;no;yes;no;yes;yes;yes;yes;no;4;4;5;1;1;4;0;14;14;15
189;GP;M ;17;N/A;LE3;T;4;3;teacher;other;course;mother;2;2;0;no;no;no;yes;yes;yes;yes;no;4;4;4;4;4;4;0;10;11;11
190;GP;F;16;U;GT3;T;2;2;services; ?;reputation;mother;2;2;0;no;no;no;yes;no;yes;yes;no;3;4;4;1;4;5;0;13;12;14
191;GP;M;17;U;GT3;T;3;3;other;other;reputation;father;1;2;0;no;no;no;yes;no;yes;yes;no;4;3;4;1;4;4;4;11;9;10
192;GP;M;16h;R;GT3;T;4;2;teacher;services;other;mother;1;1;0;no;yes;no;yes;yes;yes;N/A;yes;4;3;3;3;4;3;8;10;9;11
193;GP;M;17;U;GT3;T;4;3;other;other;course;mother;1;2;0;no;yes;yes;yes;yes;yes;yes;yes;5;2;3;1;1;2;4;11;11;13
194;GP;M;16;;GT3;T;4;3;teacher;other;home;mother;1;2;0;no;yes;yes;yes;yes;yes;yes;no;3;4;3;2;3;3;4;11;10;11
195;GP;M;16;U;GT3;T;3;3;services;other;home;mother;1;2;0;no;no;no;yes;yes;yes;yes;yes;4;2;3;1;2;3;0;11;12;13
196;GP;F;17;U;GT3;T;2;4;services;services;reputation;father;1;2; 0 ;no;yes;no;yes;yes;yes;no;no;5;4;2;2;3;5;0;17;18;17
197;GP;F;17;U;LE3;T;3;3;other;other;reputation;mother;1;2;0;no;yes;no;yes;yes;yes;yes;yes;5;3;3;2;3;1;32;14;13;14
198;GP;F;16;U;GT3;T;3;2;other;other;reputation;mother;1;2;0;no;yes;no;no;yes;yes;yes;no;1;2;2;1;2;1;8;14;15;16
199;GP;M;17;U;GT3;T;3;3;services;services;other;mother;1;2;0;no;yes;no;yes;yes;yes;yes;yes;4;3;4;2;3;4;6;11;13;14
200;GP;M;16;U;GT3;T;1;2;services;services;other;mother;1;1;0;no;yes;no;yes;yes;yes;yes;yes;3;3;3;1;2;3;0;10;9;11
201; ?;M;16;U;LE3;T;2;1;other;other;course;mother;1;2;0;no;no;no;yes;yes;yes;yes;yes;4;2;3;1;2;5;0;13;14;16
202;GP;female;17;U;GT3;A;3;3;health;other;reputation;mother;1;2;0;no;yes;no;no;no;yes;yes;yes;3;3;3;1;3;3;10;12;13;14
203;GP;M;17;R;GT3;T;1;2;at_home;other;home;mother;1;2;0;no;no;no;no;yes;yes;no;no;3;1;3;1;5;3;6;9;9;10
204;GP ;F;16;U;GT3;T;2;3;services;services;course;mother;1;2;0;no;no;no;no;yes;yes;yes;no;4;3;3;1;1;2;6;12;12;13
205;GP;F;17;U;GT3;T;1;1;at_home;services;course;mother;1;2;0;no;no;no;yes;yes;yes;yes;no;5;3;3;1;1;3;0;12;11;12
206;GP;M;17;U;GT3;T;1;2;at_home;services;other;other;2;2;0;no;no;no;yes;no;yes;yes;no;4;4;4;4;5;5;16;10;11;12
207;GP;M;16;R;GT3;T;3;3;services;services;reputation;mother;1;1;0;no;yes;no;yes;yes;yes;yes ;no;4;3;2;3;4;5;0;11;10;10
208;GP;M;16;U;GT3;T;2;3;other;other;home;father;2;1;0;no;no;no;no;yes;yes;yes;no;5;3;3;1;1;3;0;13;12;12
209;GP;F;17;U;LE3;T;2;4;services;services;course;father;1;2;0;no;no;no;yes;yes;yes;yes;yes;4;3;2;1;1;5;8;14;15;16
210;GP;M;17;U;GT3;T;4;4;services;teacher;home;mother;1;1;0;no;no;no;no;yes;yes;yes;no;5;2;3;1;2;5;4;13;13;14
211;GP;m;16;R;LE3;T;3;3;teacher;other;home;father;3;1;0;no;yes;no;yes;yes;yes;yes;no;3;3;4;3;5;3;16;10;11;12
212;GP;F;17;U;GT3;T;4;4;services;teacher;home;mother;2;1;1;no;yes;no;no;yes;yes;yes;no;4;2;4;2;3;2;30;14;15;16
213;GP;F;16;U;LE3;T;4;4;teacher;teacher;reputation;mother;1;2;0;no;yes;no;no;yes;yes;yes;no;4;5;2;1;2;3;0;11;10;11
214;GP;F;16;U;GT3;T;4;3;health;other;home;mother;1;2;0;no;yes;no;yes;yes;yes;yes;no;4;3;5;1;5;2;2;14;14;15
215;gp;F ;16h;U;GT3;T;2;3;other;other;reputation;mother;1;2;0;yes;yes;no;yes;yes; y;no;no;4;4;3;1;3;4;4;11;12;12
216;GP;F;17;U;GT3;T;1;1;other;other;course;mother;1;2;0;no;yes;no;no;no;yes;no;no;4;4;4;1;3;1;0;14;15;15
217;GP;F;17;R;GT3;T;2;2;other;other;reputation;mother;1;1;0;no;yes;no;no;yes;yes;yes;no;5;3;2;1;2;3;21;13;13;13
218;GP;F;16;R;GT3;T;2;2;services;services;reputation;mother;2;4;0;no;yes;no;yes;no;yes;yes;no;5;3;5;1;1;5;6;13;13;13
219; Gabriel Pereira;F;17;U;GT3;T;3;4;at_home;;home;mom;1;3;1;no;yes;yes;no;yes;yes;yes;yes;4;4;3;3;4;5;14;8;9;8
220;GP;F;16;U;GT3;A;3;1;services;other;course;mother;1;2;0;no;yes;no;no;yes;yes;yes;no;2;3;3;2;2;4;2;11;11;12
221;GP;F;16;U;GT3;T;4;3;teacher;other;other;mother;1;2;0;no;no;no;yes;yes;yes;N/A;yes;1;3;2;1;1;1;4;14;15;15
222;GP;F;16;U;GT3;T;1;1;at_home;other;home;mother;2;1;0;no;yes;no;no;yes;yes;no;no;4;3;2;1;4;5;2;12;13;13
223;GP;F;17;R;GT3;T;4;3;teacher;other;reputation;mother;2;3;0;no;yes;no;yes;yes;yes;yes;yes;4;4;2;1;1;4;0;11;12;12
224;GP;F;19;U;GT3;T;3;3;other;other;reputation;other;1;4;0;no;yes;no;yes;yes;yes;yes;no;4;3;3;1;2;3;4;12;12;12
225;GP;M;17;U;LE3;T;4;4;services;other;home;mother;1;2;0;no;yes;no;no;yes;yes;yes;yes;5;3;5;4;5;3;15;13;12;12
226;GP;F;16;U;GT3;A;2;2;other;other;reputation;unknown;1;2;0;yes;yes;no;no;yes; ?;yes;no;3;3;4;1;1;4;0;13;13;13 points
227;GP;M;18;U;GT3;T;2;2;services;other;home;mother;1;2;0;no;yes;no;yes;yes;yes;yes;no;4;4;4;2;4;5;10;12;11;11
228;GP;F;17;R;LE3;T;4;4;services;other;other;mother;1;1;0;no;yes;no;no;yes;yes;no;no;5;2;1;1;2;3;6;12;11;11
229;GP;F;17;U;LE3;T;3;2;other;other;reputation;mother;2;2;0;no;no;no;no;yes;yes;yes;no;4;4;4;1;3;1;2;14;16;15
230;GP;F;17;U;GT3;T;4;3;other;other;reputation;mother;1;2;0;no;no;no;no;yes;yes;yes;yes;3;4;5;2;4;1;16;11;9;10
231;GP;M;18h;U;LE3;T;3;3;services;health;home;father;1;2;0;no;yes;no;no;yes;yes;yes;no;3;2;4;2;4;4;10;10;10;10
232;GP;F;17;U;GT3;T;2;3;at_home;other;home;father;2;1;0;no;yes;no;no;yes;yes;no;no;3;3;3;1;4;3;4;12;13;13
233;GP;F;17;U;GT3;T;2;2;at_home;at_home;course;mother;1;3;0;no;yes;no;yes;yes;yes;yes;no;4;3;3;1;1;4;0;12;12;13
234;GP;F;17;R;GT3;T;2;1;at_home;services;reputation;mother;2;2;0;no;yes;no;yes;yes;yes;yes;no;4;2;5;1;2;5;0;11;10;11
235;GP;F;17;urban;GT3;T;1;1;at_home;other;reputation;mother;1;3;0;no;yes;no;yes;yes;yes;no;yes;4;3;4;1;1;5;12;12;12;12.0
236;GP;F;16;U;GT3;T;2;3;services;teacher;other; mother ;1;2;0;yes;no;no;no;yes;yes;yes;no;2;3;1;1;1;3;0.0;13;13;14
237;GP;M;18;U;GT3;T;2;2;other;other;home;mother;2;2;3;no;yes;yes;no;yes;yes;yes;no;3;3;3;5;5;4;9;10;9;10
238;GP;F;16;U;GT3;T;4;4;teacher;N/A;home;mother;1;3;0;no;yes;no;yes;no;yes;yes;no;5;3;2;1;1;5;4;15;16;16
239;GP;F;18;R;GT3;T;3;1;other;other;reputation;mother;1;2;0;no;no;no;yes;yes;yes;yes;yes;5;3;3;1;1;4;4;8;8;8
240;GP;F;17;u;GT3;T;3;2;other;other;course;mother;1;2;0;no;no;no;yes;no;yes;yes;no;5;3;4;1;3;3;2;17;18;17
241;GP;M;17;U;LE3;T;2;3;services;services;reputation;father;1;2;0;no;yes;no;no;no;yes;yes;no;5;3;3;1;3;3;0;10;11;11
242;GP;M;18;U;LE3;T;2;1;at_home;other;course;mother;4;2;0;yes;yes;no;yes;yes;yes;yes;yes;4;3;2;4;5;3;2; 9 ;10;11
243;GP;F;17;U;GT3;A;2;1;other;other;course;mother;2;3;0;no;no;no;yes;yes;yes;yes;yes;3;2;3;1;2;3;0;15;15;16
244;GP;F;17;U;LE3;T;4;3;health;other;reputation;father;1;2;0;no;no;no;yes;yes;yes;yes;yes;3;2;3;1;2;3;0;14;12;12
245;GP;M;17;R;GT3;T;2;2;other;other;course;father;2;2;0;no;yes;no;yes;yes;yes; ?;no;4;5;2;1;1;1;0;12;13;13
246;GP;M ;17;U;GT3;T;4;4;teacher;teacher;reputation;mother;1;2;0;yes;yes;no;yes;yes;yes;yes;yes;4;5;5;1;3;2;0;13;13;13
247;GP;M;16;U;GT3;T;4;4;health;other;reputation;father;1;2;0;no;yes;no;yes;yes;Yes;yes;no;4;2;4;2;4;1;0;13;13;14
248;GP;M;16;U;LE3;T;1;1;other;other;home;mother;2;2;0;no;yes;no;no;yes;Yes;yes;no;3;4;2;1;1;5;2;9;9;9
249;GP;M;16;U;GT3;T;3;2;at_home;other;reputation;mother;2;3;0;no;no;no;yes;yes; ?;yes;yes;5;3;3;1;3;2;0;12;12;12
250;GP;m;17;U;LE3;T;2;2;other;other;home; father ;1;2;0;no;no;no;yes;no;yes;yes;yes;4;4;2;5;5;4;0;16;16;16
251;GP;F;16;U;GT3;T;2;1;other;other;home;mother;1;1;0;no;no;no;no;yes;yes;Y;yes;4;5;2;1;1;5;4;9;10;10
252;GP;F;16;U;GT3;A;4;1;other;other;home;mother;1;2;0;no;no;no;yes;yes;yes;yes;yes;5;3;3;1;2;5;0;14;13;13
253;GP;F;18;U;LE3;A;2;4;services;other;course;mother;2;2;1;no;yes;no;no;yes;yes;yes;no;4;3;3;1;1;3;18;10;10;10
254;GP;F;18;U;LE3;T;2;2; ?;services;course;mother;1;2;1;no;yes;no;no;no;yes;yes;yes;5;3;1;1;1;5;16;9;8;10
255;GP;F;18;U;GT3;T;3;3;other;other;course;mother;2;1;1;no;no;no;no;yes;no;yes;no;4;1;1;1;1;3;14;8;7;7
256;GP;M;18;U;GT3;T;2;2;other;at_home;course;other;1;1;1;no;yes;no;yes;no;no;yes;yes;4;4;3;2;2;1;26;7;8;8
257;GP;M;17;U;GT3;T;4;4;teacher;teacher;course;mother;1;1;0;no;yes;no;yes;no;yes;yes;no;4;2;1;1;2;5;6;10;8;9
258;GP;F;17;U;GT3;T;3;2;;other;course;father;1;2;0;no;no;no;yes;yes;yes;no;no;5;4;2;1;1;3;4;14;14;15
259;GP;F;17;U;LE3;T;1;1;;at_home;course;mother;1;3;0;no;yes;no;yes;yes;yes;Y;yes;4;3;2;1;2;4;10;11;10;10
260;GP;F;16;U;GT3;T;1;2;other;other;course;mother;1;1;0;no;no;no;no;yes;no;yes;no;5;3;5;1;2;5;4;12;11;11.0
261;GP;F;17;R;GT3;T;2;1;at_home;services;course;mother;3;2;0;no;no;no;yes;yes;yes;no;no;2;1;1;1;1;3;2;13;13;13
262;GP;F;17;R;LE3;A;1;4;;other;course;other;4;1;1;no;yes;no;no;yes;yes;yes;no;5;5;4;1;1;5;14;9;9;8
263;GP;m;18;U;GT3;T;2;2;other;services;reputation;father;1;2;0;no;no;no;no;yes;no;yes;no;5;5;4;3;5;2;16;8;7;8
264;GP;F;17;U;LE3;A;2;2;other;other;home;mother;1;1;1;no;yes;no;no;no;no;yes ;no;3;1;2;1;1;1;8;11;9;10
265;GP;f;17;R;LE3;T;1;1;at_home;other;course;mother;2;3;0;no;no;no;yes;yes;yes;yes;no;4;3;3;1;3;5;4h;15;14;15
266;GP;F;17;U;LE3;A;4;2;teacher;other;course;mother;1;2;0;no;yes;no;yes;yes;YES;no;no;4;3;2;1;1;4;4;15;14;14
267;unknown;M;17;U;LE3;T;4;3;health;other;course;mother;2;2;0;no;no;no;yes;yes;yes;yes;yes;2;5;5;1;4;5;8;15;15;15
268;GP;M;17;R;LE3;A;4;4;teacher;other;course;mother;2;2;0;no;yes;no;no;yes;yes;yes;no;3;3;3;2;3;4;0;12;12;12
269;GP;M; 16 ;U;LE3;T;4;3;teacher;other;course; ?;1;1;0;no;no;no;yes;no; ?;yes;no;5;4;5;1;1;3;7;14;14;15
270;gp;M;16;;GT3;T;4;4;services;services;course;mother;1;1;0;no;no;yes;yes;yes;yes;yes;no;5;3;2;1;2;5;4;14;15;15
271;GP;F;17;U;GT3;T;4;4;teacher;services;course;mother;1;2;0;no;yes;yes;no;yes;yes;yes;yes;5;3;1;1;4;5;2;11;11;12
272;GP;M;17;R;GT3;T;1;1;other;other;home;father;2;3.0;0;no;no;no;no;no;yes;yes;yes;4;3;3;1;1;1;2;13;14;15
273;GP;F;17;U;GT3;T;3;3;services;other;home;mother;2;3;0;no;yes;no;no;yes;yes;yes;yes;4;2;2;2;3;5;10;11;11;11
274;GP;F;17;U;GT3;T;1;1;at_home;other;course;mother;1;2;0;yes;no;no;no;no;yes;no;yes;4;3;2;1;1;4;10;10;9;10
275;GP;F;18;u;GT3;T;2;1;other;other;course;other;2;3;0;no;yes;no;no;no;yes;yes;yes;4;4;4;1;1;3;10;12;10;11
276;GP;M;16;U;GT3;T;2;1;other;other;course; ?;3;1;0;no;no;no;no;yes;yes;yes;no;4;3;3;1;1;4;7;15;16;16
277; Gabriel Pereira;F;17;U;GT3;T;1;1;other;services;course; ?;1;2;0;no;yes;no;no;yes;yes;no;no;4;3;4;1;2;5;4;11;10;11
278;GP;M;17;U;GT3;T;2;3;other;other;course;father;2;1;0;no;no;no;no;yes;yes;yes;no;5;2;2;1;1;2;2;9;12;13 points
279;GP;M;22;U;GT3;T;3;1;services;services;other;mother;1;1;3;no;no;no;no;no;NO;yes;yes;5;4;5;5;5;1;12;7; 8 ;5
280;GP;M;18;R;LE3;T;3;3;other;services;course;mother;1;2;0;no;yes;no;no;yes;yes;yes;yes;4;3;3;1;3;5;8;10;9;10
281;GP;M;16;U;GT3;T;0;2;other;other;other;mother;1;1;0;no;no;no;no;no;yes;yes;no;4;3;2;2;4;5;0;11;12;11
282;GP;M;18;U;GT3;T;3;2;services;other;course;mother;2;1;0;no;no;no;no;yes;no;yes;no;4;4;5;2;4;5;8;7;8;7
283;GP;M;16;U;GT3;T;3;3;at_home;other;reputation;other;3;2;1;yes;yes;no;no;no;yes;yes;no;5;3;3;1;3;2;4;9;11;10
284;GP;M;18;U;GT3;T;2;1;services;services;other;mother;1;1;2;no;no;no;no;no;no;yes;no;3;2;5;2;5;5;4;7; 8 ;6
285;GP;M;16;R;GT3;T;2;1;other;other;course;mother;2;1;0;no;no;no;yes;no;yes;no;no;3;3;2;1;3;3;2;14;13;12
286;GP;M;17;R;GT3;T;2;1;other;other;course;mother;1;1;0;no;no;no;no;no;yes;yes;no;4;4;2;2;4;5;0;12;12;13 points
287;GP;M;17;U;LE3;T;1;1;health;other;course;mother;2;1;1;no;yes;no;yes;yes;yes;yes;no;4;4;4;1;2;5;0;9;10.0;10
288; Gabriel Pereira;F;18;U;LE3;A;2;1;other;other;course;mother;1;2;0;no;yes;no;no;no;yes;yes;yes;4;3;4;1;3;5;2;12;12;13
289;GP;F;17;U;LE3;T;4;2;teacher;services;reputation;mother;1;4;0;no;yes;no;yes;yes;yes;yes;no;4;2;3;1;1;4;2;14;15;17
290;unknown;F;19;urban;GT3;T;2;2;services;services;home;mother;1;2;0;no;yes;no;no;yes;yes;yes;no;4;3;3;1;1;5;0;10;10;11
291;GP;M;18;U;LE3;T;2;1;services;other;course;mother;3;2;1;no;no;no;yes;no;no;yes;no;4;4;5;4;4;5;4;11;10;11
292;GP;F;17;R;GT3;T;4;2;other;other;course;N/A;1;3;0;no;yes;no;yes;yes;yes;yes;no;4;3;4;1;3;5;2;11;12;14
293;GP ;F;18;U;LE3;T;1;1;other;at_home;home;mother;1;3;0;no;yes;no;no;no;yes;no;no;4;4;3;2;3;3;4;11;12;14
294;GP;F;18;R;GT3;T;2;2;other;other;home;mother;1;2;0;yes;no;no;no;yes;yes;no;no;3;2;3;1;1;5;4;11;11;13
295;GP;M;19;U;LE3;A;4;3;services;at_home;reputation;mother;1;2;0;no;yes;no;no;yes;yes;yes;no;4;3;1;1;1;1;4;11;13;14
296;GP;M;18;U;GT3;T;2;1;other;other;home;mother;1;2;0;no;no;no;yes;yes;yes;yes;no;5;2;4;1;2;4;2;16;16;16
297;GP;M;17;R;GT3;T;2;2;other;services;other;mother;2;1;0;no;no;no;no;no;no;no;no;5;2;2;1;1;4;0;9;10;10
298;GP;F;17;U;LE3;T;2;2;services;services;course;father;1;4;0;no;no;no;yes;yes;yes;yes;yes;3;4;1;1;1;2;2;10;11;12
299;GP;F;20;R;GT3;T;2;1;other;other;course;other;2;2;0;no;yes;yes;yes;yes;no;yes;yes;1;2;3;1;2;2;8;10;12;12
300;GP;F;18;U;GT3;T;4;3;services;other;home;father;1;2;0;no;yes;no;no;yes;yes;yes;yes;3;1;2;1;3;2;2;15;15;15
301;GP;M;18;U;GT3;T;4;3;teacher;other;course;mother;1;2;0;no;yes;no;no;no;yes;yes;no;4;3;2;1;1;3;2;10;10;11
302;GP;M;18;R;GT3;T;3;2;other;other;course;mother;1;3;0;no;no;no;yes;no;yes;no;no;5;3;2;1;1;3;2;10;11;12
303;GP;F;17;U;GT3;T;3;3;other;other;home;mother;1;3;0;no;no;no;yes;no;yes;no;no;3;2;3;1;1;4;2;15;12;13
304;GP;F;18;U;GT3;T;2;2;at_home;services;home;mother;1;3;0;no;yes;no;yes;yes;yes;yes;yes;4;3;3;1;1;3;0;11;12;13
305;GP;M;17;urban;GT3;T;2;2;other;other;home;father;2;1;0;no;no;no;no;yes;no;yes;no;4;4;4;2;3;4;8;8;8;9
306;GP;M;18;R;LE3;A;3;4;other;other; ?;mother;2;2;0;no;yes;no;yes;yes;yes;yes;no;4;2;5;3;4;1;6;15;16;16
307;GP;M;17;U;GT3;T;3;1;services;other;other;mother;1;2;0;no;no;no;yes;yes;yes;yes;yes;5;4;4;3;4;5;0;11;11;14
308;GP;F;18;R;GT3;T;4;4;teacher;other;reputation;mother;2;2;0;no;no;no;yes;yes;yes;yes;no;4;3;4;2;2;4;8;10;11;12
309;GP;M;18;U;GT3;T;4;2;health;other;reputation;father;1;2;0;no;yes;no;yes;yes;yes;yes;yes;5;4;5;1;3;5;4;10;12;14
310;GP;F;18;R;GT3;T;2;1;other;other;reputation;Mother;2;2;0;no;yes;no;no;yes;no;Yes;yes;4;3;5;1;2;3;12;8;9;10
311;GP;F;19;U;GT3;T;3;3;other;services;N/A;other;1;2;0;no;yes;no;yes;yes;yes;yes;no;4;3;5;3;3;5;16;11;12;12
312;GP;F;18;U;GT3;T;2;3;other;services;reputation;father;1;4;0;no;yes;no;yes;yes;yes;yes;yes;4;5;5;1;3;2;10;16;16;16
313;GP;F;18;U;LE3;T;1;1;other;other;home;mother;2;2;0;no;yes;no;no;no;yes;no;no;4;4;3;1;1;3;2;13;13;13
314;GP;M;17;R;GT3;T;1;2;at_home;at_home;home;mother;1;2;0;no;yes;no;yes;no;yes;N;yes;3;5;2;2;2;1;2;16;17;18
315;GP;F;18;U;GT3;T;2;1;other;other;home;N/A;1;2;0;no;yes;no;no;yes; ?;yes;yes;4;2;5;1;2;1;8;14;14;15
316;GP;F;17;U;GT3;T;2;4;at_home;health;reputation;mother;2;2;0;no;yes;no;no;yes; ?;yes ;yes;4;3;3;1;1;1;6; 15 ;16;16
317;GP;F;17;U;LE3;T;2;2;services;other;course;mother;2;2;0;yes;yes;no;no;yes;yes;yes;yes;4;4;4;2;3;5;6;12;12;12
318;GP;F;18;R;GT3;A;3;2;other;services;home;mother;2;2;0;no;no;no;no;no;no;yes;yes;4;1;1;1;1;5;15;12;9;10
319;GP;M;18;U;GT3;T;4;4;teacher;services;home;mother;2;1;0;no;no;no;yes;yes;yes;yes;no;3;2;4;1;4;3;6;11;12;12
320;GP;F;18;U;GT3;T;4;4;health;health;reputation;father;1;2;1;yes;yes;no;yes;yes;N/A;yes;yes;2;4;4;1;1;4;2;14;12;13
321;GP;F;17;U;GT3;T;2;2;other;services;reputation;father;3;3;0;no;yes;no;no;yes;yes;yes;yes;4;2;3;1;1;1;8;13;15;15
322; Gabriel Pereira;F;19;R;GT3;T;3;2;services;services;N/A;father;1;2;1;yes;yes;no;no;yes;no;yes;no;3;3;3;4;3;3;0;9;8;10
323;GP;M;18;U;LE3;T;4;3;teacher;;course;mother;2;1;0;no;no;no;yes;yes;yes;N/A;no;4;2;3;1;2;1;0;10;10;10
324;GP;M;18;U;GT3;T;1;2;at_home;other;home;other;2;1;0;no;no;no;no;no;no;yes;no;3;4;4;2;4;4;10;10;10;11
325;GP;M;17;U;LE3;A;4;1;services;other;home;mother;2;1;0;no;no;no;yes;yes;yes;yes;yes;4;5;4;2;4;5;22;11;11;10
326;unknown;M;17;U;LE3;A;3;2;teacher;services;home;mother;1;1;0;no;no;no;no;yes;yes;yes;no;4;4;4;3;4;3;18;13;13;13
327;GP;F;18;R;LE3;T;1;1;at_home;other;reputation;mother;2;4;0;no;yes;no;yes;yes;yes;no;no;5;2;2;1;1;3;2;17;17;18
328;GP;f;18;U;GT3;T;1;1;other;other;home;mother;2;2;0;yes;no;no;yes;yes;yes;yes;no;5;4;4;1;1;4;0;12;13;13
329;GP;F;17;U;GT3;T;2;2;other;other;course;mother;1;2;0;no;yes;no;no;no;yes;yes;no;5;4;5;1;2;5;12;12;12;14
330;GP;F;18;U;GT3;T;2;1;other;other;reputation;mother;2;2;0;no;no;no;yes;yes;yes;yes;yes;4;3;1;1;1;5;10;12;13;14
331;GP;M;17;U;GT3;T;1;1;other;other;reputation;father;1;2;0;no;no;no;no;no;yes;yes;no;4;3;3;1;2;4;0;12;12;12
332;GP;F;18;U;GT3;T;2;2;at_home;at_home;other;mother;1;3;0;no;yes;no;no;yes;yes;yes;no;4;3;3;1;2;2;0;18;18;18
333;GP;F;17;U;GT3;T;1;1;services;teacher;reputation;mother;1;3;0;no;yes;no;no;yes;yes;yes;no;4;3;3;1;1;3;0;13.0;13;14
334;GP;M;18;U;GT3;T;2;1;services;services;reputation;mother;1;3;0;no;no;no;yes;yes;yes;yes;no;4;2;4;1;3;2;0;14;15;15
335;GP;M;18;U;LE3;A;4;4;teacher;teacher;N/A; ?;1;2;0;no;yes;no;yes;yes;yes;yes;no;5;4;3;1;1;2;0;17 points;17;17
336;GP;M;18;U;GT3;T;4;2;teacher;other;home;mother;1;2;0;no;yes;no;yes;yes;yes;yes;yes;4;3;2;1;4;5;2;15;16;16
337;GP;F;17;U;GT3;T;4;3;health;services;reputation;Mother;1;3;0;no;yes;no;no;yes;yes;yes;no;4;2;2;1;2;3;0;17;18;18
338; ?;F;99;R;LE3;T;3;1;services;other;reputation;mother;2;4;0;no;yes;no;no;yes;yes;no;no;3;1;2;1;1;3;0;18;19;19
339;GP;M;18;R;LE3;T;3;2;services;other;reputation;mother;2;3;0;no;yes;no;yes;yes;yes;yes;no;5;4;2;1;1;4;0;14;15;15
340;GP;M;17;U;GT3;T;3;3;health;other;home;mother;1;1;0;no;yes;no;no;yes;yes;yes;no;4;4;3;1;3;5;0;14;15;15
341;GP;F;19;u;GT3;T;4;4;health;other;reputation;other;2;2;0;no;yes;no;yes;yes;yes;yes;no;2;3;4;2;3;2;2;14.0;13;13
342;GP;F;18;U;LE3;T;4;3;other;other;home;other;2;2;0;no;yes;no;no;yes;yes;yes;yes;4;4;5;1;2;2;0;13;14 points;14
343;GP;F;18;U;GT3;T;4;3;other;other;reputation;father;1;4;0;no;yes;no;no;yes;yes;yes;no;4;3;3;1;1;3;0;16;17;17
344;GP;M;18;U;LE3;T;4;4;teacher;teacher;home;mother;1;1;0;no;yes;no;no;yes;yes;yes;yes;1;4;2;2;2;1;0;18;18;17
345;GP;F;18;U;LE3;A;4;4;health;other;home;Mother;1;2;0;no;yes;yes;no;yes;yes;yes;yes;4;2;4;1;1;4;0;14;15;15
346;GP;M;17;U;LE3;T;4;4;other;teacher;home;father;2;1;0;no;no;no;no;yes;yes;yes;no;4;1;1;2;2;5;0;12;13;13
347;GP;F;17;R;GT3;T;4;4;services;services;reputation;mother;2;3;0;no;yes;no;yes;yes;yes;yes;no;5;3;4;1;1;5;0;7;7;8
348;GP;F;17;U;GT3;T;4;2;other;other;reputation;mother;2;3;0;no;yes;no;no;yes;N/A;yes;no;4;3;3;1;1;3;0;16;16;16
349;GP;F;17;urban;GT3;T;3;2;health;health;reputation;father;1;4;0;no;yes;no;yes;no;yes;yes;no;5;2;2;1;2;5;0;18;18;18
350;GP;M;19;R;LE3;T;2;1;at_home;services;course; mother ;2;3;1;no;no;no;yes;yes;yes;yes;yes;4;3;1;1;1;5;0;9;10;11
351;GP;M;20;U;GT3;A;3;2;services;other;course;other;1;1;2;no;no;no;yes;yes;yes; ?;no;5;5;3;1;1;5;0h;14;15;15
352;GP;M;19;R;GT3;T;3;3;other;services;reputation;father;1;2;0;no;no;no;yes;yes;yes;no;yes;4;5;3;1;2;5;0;10;10;11
353;GP;F;18;U;GT3;T;1;4;other;teacher;home;mother;1;2;0;yes;yes;no;no;no;yes;no;yes;3;4;4;1;2;5;2;10;10;11
354;GP;F;18;U;GT3;T;2;1;services;other;course;mother;2;2;0;no;yes;no;yes;yes;yes;yes;no;5;3;3;1;2;1;2;12;12;15
355;GP;F;17;U;GT3;T;2;3;other; ?;course;father;2;2;0;no;no;no;yes;yes; ?;yes;yes;4;2;1;1;1;3;2;11;12;14
356;GP;F;17;R;GT3;T;4;4;teacher;unknown;course;mother;1;1;0;no;no;no;yes;yes;yes;yes;no;4;4;4;1;1;5;2;15;16;17
357;GP;F;18;U ;GT3;T;4;3;other;other;course;mother;1;3;0;no;yes;no;yes;yes;yes;yes;yes;4;3;4;1;1;5;2;14;15;17
358;GP;F;18;urban;LE3;T;4;3;unknown;services;course;;2;1;0;no;yes;no;no;yes;yes;yes;no;3;2;4;1;4;1;8;12;12;15
359;GP;F;17;R;GT3;T;3;4;at_home;services;course;father;1;3;0;no;yes;no;yes;no;yes;yes;no;4;3;4;2;5;5;2;15;15;17
360;GP;F;18;U;GT3;T;3;3;at_home;other;unknown;unknown;1;2;0;no;yes;no;no;yes;yes;yes;no;4;1;4;1;1;3;8;11;12;14
361;GP;M;19;U;GT3;T;4;2;health;unknown;course;mother;2;2;0;no;yes;no;yes;yes;yes;yes;yes;5;4;4;1;1;1;9;11;10;10
362;GP;F;18;U;GT3;T;4;4;teacher;other;course;N/A;1;2;0;no;yes;no;no;yes;yes;yes;no;4;4;4;3;3;5;0;12;11;13
363;GP;F;18;U;GT3;T;3;4;other;other;course;mother;1;1;0;no;yes;no;yes;yes;yes;yes;yes;5;4;4;1;1;1;4;11;12;14
364;GP;F;17;U;GT3;T;4;4;health;health;course;mother;1;1;0;no;no;no;yes;yes;yes;yes;no;5;3;4;1;2;5;2h;14;15;17
365;GP;F;17;U;GT3;A;4;3;services;services;course;mother;1;2;0;no;yes;no;no;yes;yes;yes;yes;5;2;2;1;2;5;14;15;14;17
366;GP;F;17;U;LE3;A;3;3;services;other;home;mother;1;2;0;yes;yes;no;no;yes;yes; ?;no;5;3;3;1;1;5;0;12;12;13
367;GP;F;17;U;LE3;T;2;1;other;other;home;father;1;2;0;no;no;no;yes;yes;yes;yes;no;4;2;3;2;2;2;2;11;12;14
368;GP;M;18;U;LE3;T;4;4;other;other;reputation;father;1;1;0.0;no;yes;no;no;yes; y;yes;no;4;2;5;3;4;5; 2 ;8;9;11
369;GP;F;19;U;GT3;T;1;1;other;other;course;other;3;3h;0;no;no;no;yes;yes;no;no;yes;1;5;5;4;3;5;12;10;10;11
370;GP;F;19;U;LE3;A;1;1;other;other;course;other;3;2;2;no;yes;no;no;no;yes;yes;yes;5;3;4;1;1;4;2;8;8;9
371;GP;F;18;U;GT3;T;2;2;other;other;course;mother;1;1; 0 ;no;yes;no;yes;yes;yes;yes;yes;4;3;5;2;4;5;2;25;10;10
372;GP;F ;17;urban;GT3;T;2;2;other;other;course;mother;1;2;0;no;yes;no;no;yes;yes;;yes;4;2;2;1;1;3;4;14;13;13
373;GP;F;17;R;LE3;T;2;2;services;services;unknown;mother;1;3;0;no;yes;no;yes;yes;yes;yes;no;3;3;2;2;2;3;0;11;11;10
374;GP;F;17;U;GT3;T;3;1;services;services;course;father;1;3;0;no;yes;no;no;no;yes;yes;no;3;4;3;2;3;5;0;17;18;17
375; ?;F;17;U;LE3;T;0;2;at_home;at_home;home;father;2;3;0;no;no;no;no;yes;yes;yes;no;3;3;3;2;3;2;0;14; 14 ;15
376;GP;F;18;U;GT3;T;1;1;other;other;home;mother;2;3;0;no;no;no;yes;yes;yes;yes;no;4;5;5;1;2;2;0;14;14;14
377;GP;M;18;U;GT3;T;4;4;other;other;N/A;mother;1;3;0;no;no;no;yes;yes;yes;yes;no;4;3;3;2;2;3;0;13;14;13
378;GP;M;17;U;GT3;T;3;3;other;services;reputation;mother;1;1;0;no;no;no;yes;no;unknown;yes;no;4;3;5;3;5;5;0;17;18;17
379;GP;M;17;rural;GT3;T;2;2;services;other;course;mother;4;1h;0;no;yes;no;no;yes;yes;yes;no;4;4;5;5;5;4;120;11;10;10
380;GP;F;17;U;GT3;T;4;4;teacher;services;course;mother;1;3;0;no;yes;no;yes;yes;yes;yes;no;5;4;4;1;3;4;0;13;12;13
381;GP;F;17;U;GT3;T;4;4;teacher;teacher;course;mother;2;3h;0;no;yes;no;no;no;yes;yes;yes;4;3;3;1;2;4; 4 ;15;14;15
382;GP;F;17;U;GT3;T;3;3;at_home;other;course;mother;1;1;0;no;yes;yes;yes;yes;yes;yes;no;4;2;5;2;5;5;2;11;12;11
383;GP;M;18;U;LE3;T;2;2;other;other;course;mother;1;4;0;no;yes;yes;yes;yes;yes;yes;no;4;5;5;2;4;5;0;11;11;12
384;GP;M;19;R;GT3;T;3;2;at_home;services;home;other;1;1;0;no;yes;no;no;no;yes;no;yes;5;3;4;2;2;5;0;11; 10 ;10
385;GP;F;18;U;GT3;T;2;2;at_home;other;course;;4;2;0;no;no;no;yes;yes;yes;no;yes;4;2;5;1;1;2;2;10;9;10
386;GP;F;17;R;GT3;T;2;4;at_home;other;course;father;1;3;0;no;yes;no;no;yes;yes;yes;yes;4;4;3;1;1;5;0;15;15;15
387;GP;M; 18 ;U;GT3;T;2;2;other;other;reputation;mother;1;1;0;no;no;no;no;no;yes;yes;no;5;4;2;1;2;5;6;15;14;15
388;GP;F;18;U;GT3;T;3;3;services;services;home;mother;1;2;0;no;no;no;yes;yes;yes;yes;no;5;3;4;1;1;4;8;10;11.0;12
389;GP ;F;18;U ;LE3;T;2;2;other;other;home;other;1;2;0;no;no;no;yes;no;yes;yes;yes;4;3;3;1;1;2;0;10;9;12
390;GP;F;18;R;GT3;T;2;2;at_home;other;course;mother;2;4;0;no;no;no;yes;yes;yes;no;no;4;4;4;1;1;4;6;14;13;14
391;GP;F;17;U;GT3;T;3;4;services;other;course;mother;1;3;0;no;no;no;no;yes;yes;yes;no;4;4;5;1;3;5;8;11;13;14
392;GP;F;17;U;GT3;T;3;2;other;other;home;mother;1;2;0;no;yes;no;no;yes;N/A;yes;yes;4;3;2;2;3;2;0;12;13;15
393;GP;F;18;U;LE3;T;3;3;services;services;home;mother;1;4;0;no;yes;no;no;yes;yes;yes;no;5;3;3;1;1;1;4;14;14;15
394;GP;F;17;R;GT3;A;3;2;other;other;home;mother;1;2;0;no;yes;no;no;yes;yes;yes;no;4;3;3;2;3;2;0;14;14;16
395;GP;M;18;U;GT3;T;4;4;teacher;services; ?;father;1;2;0;no;yes;no;yes;yes;yes;yes;no;4;3;3;2;2;2;0;12;12;13
396;GP;M;18;U;LE3;T;3;4;services;other;home;mother;1;2; 0 ;no;no;no;yes;yes;yes;yes;yes;4;3;3;1;3;5;6;16;16;17
397;GP;F;17;U;GT3;A;2;2;at_home;at_home;home;father;1;2;0;no;yes;no;no;yes;yes;yes;yes;3;3;1;1;2;4;18;10;12;14
398;GP;F;18;U;GT3;T;2;3;at_home;other;;mother;1;3;0;no;yes;no;no;yes;yes;yes;no;4;3;3;1;2;3;0;11;12;14
399;GP;F;18;U;GT3;T;3;2;other;services;other;mother;1;3;0;no;no;no;no;yes;Yes;yes;yes;5;4;3;2;3;1;4;14;16;17
400;GP;M;18;R;GT3;T;4;3;teacher;services;course;mother;1;3;0;no;no;no;no;yes;yes;yes;yes;5;3;2;1;2;4;4;15;14;17
401;GP;M;18;U;GT3;T;4;3;teacher;other;course;mother;1;3;0;no;yes;no;no;yes;yes;yes;yes;5;4;5;2;3;5;0;14;13;14
402;GP;F;17;U;GT3;T;4;3;health;other;reputation;mother;1;3;0;no;yes;no;yes;yes; y;yes;yes;4;4;3;1;3;4;0;11;12;13
403;GP;female;17;U;GT3;T;2;1;services;other;course;mother;2;2;0;no;yes;no;yes;yes; y;Yes;yes;4;3;4;2;2;1;10;12;15;15
404;GP;F;17;U;GT3;T;2;1;services;other;reputation;mother;1;2;0;no;yes;no;yes;yes;yes;yes;no;4;3;5;2;4;4;4;12;16;16
405;GP;F;19;U;LE3;A;2;3;at_home;other;home;other;2;1;1;no;no;no;no;yes;no;yes;no;2;2;3;3;4;5;16;10;11;11
406;GP;F;17;U;GT3;T;3;1;other;at_home;home;mother;1;1;1h;no;yes;yes;no;yes;yes;yes;yes;4;1;2;1;1;3;6;10;13;13
407;GP;F;21;U;LE3;T;4;4;other;other;reputation;other;1;3;2;no;no;yes;yes;yes;yes;yes;no;3;3;2;1;1;5;0;9;12;12
408;N/A;M;18;U;LE3;T;2;2;;services;reputation;mother;1;2;0;no;yes;no;yes;no;;yes;no;4;4;4;1;3;3;11;9;11;12
409;GP;M;18;U;LE3;A;3;4;other;other;reputation;other;1;2;0;no;no;no;yes;yes;yes;yes;yes;4;3;5;1;4;2;9;13;14;15
410;GP;F;17;U;GT3;T;2;2;services;services;reputation;mother;1;2;0;no;yes;no;yes;yes;yes;yes;no;4;3;4;1;3;4;0;13;17.0;17
411;GP;M;17;U;LE3;A;4;4;health;other;reputation;mother;1;3;0;no;yes;no;no;yes;yes;yes ;no;4;4;2;1;2;4;2;12 points;15;15
412;GP;F;18;U;LE3;T;4;2;teacher;other;course;mother;1;2;0;no;yes;no;yes;yes;yes;yes;no;4;2;2;1;1;3;0;14;17;17
413;GP;M;21;R;LE3;T;1;1;at_home;other;course;other;2;2;2;no;yes;no;yes;yes;no;yes;yes;5;3;3;5;2;4;21;9 points;10;10
414; Gabriel Pereira;F;20;R;GT3;T;1;1;other;other;reputation;other;2;3;0;no;no;no;no;yes;yes;yes;yes;3;2;2;1;3;3;8;11;15;15
415;GP;F;19;U;GT3;T;4;4;teacher;other;home;other;1;1;1;no;yes;no;no;yes;yes;yes;yes;3;2;5;4;4;5;5;9;10; 11 
416;GP;M;17;U;LE3;A;3;2;other;other;reputation;mother;1;2;0;no;yes;no;no;yes;yes;yes;no;4;4;4;1;2;5;10;16;18;18
417;GP;F;18;U;GT3;T;3;2;at_home;other;reputation;father;1;3;0;no;yes;no;no;yes;yes;yes;yes;4;3;4;1;2;2;5;14;17;17
418;GP;M;18;R;GT3;T;2;3;other;;reputation;father;1;1;0;no;no;no;no;yes;yes;yes;no;3;1;3;4;5;4;13;13;14;14
419;GP;M;19;U;GT3;T;2;1;unknown;other;reputation;mother;1;1;0;no;no;no;no;yes;yes;yes;no;5;3;4;1;4;4;10;7;11;11
420;GP;f;18;U;LE3;A;2;2;services;other;reputation;mother;2;2;0;no;yes;no;no;yes;yes;yes;no;4;1;4;1;3;4;10;14;17;17
421;GP;female;20;U;GT3;T;1;0;other;other;reputation;mother;2;1;1;yes;no;no;no;yes;yes;yes;yes;5;3;1;1;1;5;5;8;10;10
422;GP;F;18;U;GT3;T;3;2;services;unknown;home;mother;1;2;0;no;yes;no;yes;no;yes;yes;yes;3;1;2;1;2;1; 4 ;10;13;13
423;MS;F;16.0;U;GT3;T;1;3;at_home;other;other;father;2;1;0;no;yes;no;no;yes;no;yes;yes;4;3;3;1;3;5;11;10;11;11
424;MS;F;16;R;GT3;T;2;2;other;other;course;mother;2;2;0;no;yes;no;yes;yes;yes;yes;no;4;4;4;1;1;5;0h;12;12;12
425;ms;F;15;R;GT3;T;1;1;at_home;services;other;mother;1;1;1;no;yes;no;no;yes;yes;no;yes;4;1;3;1;1;2;6;10;10;10
426;MS;F;15;R;GT3;T;3;3;at_home;other;course;mother;2;1;0;no;yes;no;no;yes;yes;yes;no;5;4;4;2;3;5;4;10;10;11
427;MS;F;16;R;GT3;T;2;3;at_home;services;course;mother;2;2;0;no;no;no;no;yes;yes;no;no;4;5;2;1;2;5;0;16;17;17
428;MS;f;15;R;LE3;T;2;1;at_home;other;home;Mother;2;1;0;no;no;no;no;yes;no;no;no;1;3;4;1;1;1;0;6;8;9
429;MS;M;16;R;LE3;A;4;4;at_home;other;home;mother;1;2;0;no;yes;no;no;yes;yes;no;no;5;3;2;1;3;2;5;10;11;11
430;MS;M;16;U;GT3;A;1;2;other;other;other;mother;1;3;0;yes;no;no;no;yes;yes;yes ;no;4;4;3;1;1;5;0;10;11;11
431;MS;F;17;R;GT3;T;3;2;at_home;other;course;father;1;2;1;no;no;no;no;yes;yes;no;yes;4;5;4;1;2;5;0;10;10;10
432;MS;F;17;R;GT3;T;1;1;other;other;other;father;1;1;1;no;yes;no;no;no;no;yes;no;5;4;4;2;2;5;0;6;6;7
433;MS;F;15;R;GT3;T;4;4; ?;other;course;mother;2;1;0;no;no;no;no;yes;yes;yes;yes;1;5;1;3;5;5;0;13;14;14
434;MS;F;16;U;LE3;A;2;2;at_home;other;reputation;mother;2;4;0;no;no;no;yes;no;no;No;yes;1;2;1;1;1;1;4;10;9;11
435;MS;F;15;R;LE3;T;1;1;at_home;services;reputation;father;2;2;0;no;yes;no;no;yes;yes;yes;no;5;4;3;1;2;4;0;10;10;10
436;MS;F;15;R;LE3;T;1;1;other;services;course;mother;2;1;1;no;yes;no;no;yes;yes;N/A;yes;4;4;3;1;2;2;4;6;7;8
437;MS;F;16;R;GT3;T;0;2;other;other;other;mother;2;1;0;no;yes;no;yes;yes;yes;no;no;3;2;3;1;2;2;0;12;11;12
438;MS;F;17;R;GT3;T;2;3;other;other;course;mother;2;1;0;no;yes;no;no;yes;yes; ?;no;5;5;5;1;3;3;2;10;11.0;12
439;MS;F;15;R;GT3;T;3;3;other;services;course;father;2;1;0;no;no;no;no;no;yes;yes;no;4;1;3;1;1;4;0;14;16;16
440;MS;M;16;U;GT3;T;1;1; ?;services;home;mother;2;2;0;no;yes;no;yes;yes;yes;no;yes;5;4;5;4;5;3;0;7;0;0
441;MS;M;17;U;GT3;T;1;1;other;other;home;mother;1;2;0;no;no;yes;no;no;yes;yes;no;4;4;3;2;4;5;4;8;9;9
442;MS;M;15;R;LE3;T;4;1;health;services;reputation;father;1;8; 0 ;no;yes;no;yes;yes;yes;yes;no;5;3;4;1;2;2;0;12;13;14
443;MS;M;15;R;LE3;T;4;1;health;services;reputation;father;1;2;0;no;yes;no;yes;yes;yes;yes;no;5;3;4;1;2;2;7;7.0;9;8
444;MS;M;16;R;GT3;T;3;4;N/A;health;other;mother;3;2;0;no;no;no;no;no;yes;no;no;3;4;5;1;2;5;4;9 points;10;11
445;MS;M;15;R;GT3;T;1;1;other;other;course;mother;4;2;0;no;yes;no;yes;yes;yes;no;yes;5;4;5;2;4;4;8;7;9;9
446;MS;M;15;U;LE3;T;3;3;at_home;at_home;reputation;father;1;2;0;no;yes;no;yes;yes;yes;yes;no;5;3;3;1;1;5;0;11;11;11
447;MS;M;17;R;GT3;T;2;1;other;other;other;mom;3;1;0;no;no;no;yes;yes;no;no;yes;5;5;5;5;5;3;8;8;10;9
448;ms;F;16;R;GT3;T;4;4;teacher;teacher;course;mother;2;3;0;no;no;no;yes;yes;yes;Yes;yes;4;2;2;1;1;4;6;16;16;17
449;MS;F;15h;R;GT3;T;1;2;other;services;course;mother;2;1;0;no;no;no;no;yes;yes;no;no;5;1;2;1;1;1;3;11;13;13
450;MS;F;16;R;GT3;T;2;3;other;services;course;mother;3;2;0;no;yes;no;no;yes;yes;yes;no;4;5;4;1;2;1;2;15;15;15
451;MS;M;16;R;GT3;T;1;2;other;other;course;father;2;2;0;no;no;no;no;yes;yes;no;no;4;3;3;1;1;5;0;10;11;11
452;MS;F;16;R;GT3;T;2;2;other;other;course;mother;3;2;0;no;yes;no;no;yes;yes;yes;no;4;4;5;1;1;4;4;9;10;11.0
453;MS;F;16;U;GT3;T;1;2;other;services; ?;mother;1;3;1;no;yes;no;no;yes;yes;no;no;1;3;2;1;2;4;0;10;8;8
454;MS;F;16;U;GT3;T;1;2;other;services;course;mother;1;3;1;no;yes;no;no;yes;yes;no;no;1;3;2;1;2;4;3;9;8;8
455;MS;F;15;U;GT3;T;2;1;at_home;other;home;mother;1;2;0;yes;yes;no;no;no;yes;yes;no;4;4;2;3;3;2;0;9;10;9
456;MS;F;16;U;GT3;T;1;1;at_home;other;course;dad;1;2;0;no;yes;no;no;no;yes;no;yes;5;4;3;2;1;2;0;13;14;15
457;MS;M;17;R;LE3;T;1;2;at_home;services;reputation;mother;1;1;0;no;yes;no;yes;yes;yes;yes;no;5;5;5;5;5;3;4;10;11;11
458;MS;f;16;R;GT3;T;1;1;other;other;home;father;4;4;0;no;yes;no;no;no;yes;yes;no;4;3;2;1;1;1;0;13;10;13
459;MS;F;16;R;GT3;T;1;1;at_home;other;other;father;4;3;0h;yes;yes;no;no;yes;yes;no;no;4;4;3;1;1;5;2;10;9;10
460;MS;F;15;R;GT3;T;1;1;at_home;other;home;father;2;2;0;no;yes;no;yes;yes;yes;yes;no;4;3;3;1;1;2;1;11;10;11
461;MS;F;16;R;GT3;T;1;1;at_home;other;other;mother;2;1;0;no;no;no;yes;yes; y;yes;yes;4;2;2;4;3;2;0;13;12;14
462;MS;F;15;R;GT3;T;1;1;at_home;at_home;course;father;3;2;0;no;yes;no;no;yes;yes;no;no;4;2;1;1;2;2;0;13 points;14;14
463;MS;F;15;R;LE3;T;2;2;other;other;other;Father;1;3;0;yes;yes;no;no;yes;yes;no;no;4;4;3;2;2;5;2;14;11;12
464;MS;M;16;R;GT3;T;1;1;at_home;other;other;father;2;1;0;no;no;no;yes;yes;yes;no;no;3;4;4;3;4;5;6;11;11;11
465;MS;F;18;U;GT3;T;1;2;other;other;course;father;1;2;1;no;yes;no;yes;yes;yes;yes;yes;3;4;4;2;3;5;9;9;8;8
466;MS;M;15;U;GT3;T;3;1;other;services;home;mother;2;1;0;no;yes;no;no;yes;yes;no;no;3;2;3;1;3;4;0;10;9;11
467;MS;F;16;R;GT3;T;2;2;other;services;course;father;3;2;0;no;yes;no;yes;yes;yes;yes;no;5;3;4;1;1;2;1;14;13;14
468;MS;M;15;U;GT3;T;2;2;health;other;reputation;mother;3;1;0;no;no;no;no;yes;yes;no;no;4;3;3;1;2;4;1;13;12;13
469;MS;M;16;U;GT3;T;4;4;other;teacher;course;father;1;2;0.0;no;yes;no;yes;yes;yes;no;yes;4;3;1;1;1;3;0;13;12;13
470;MS;F;15;R;GT3;T;3;3;services;other;reputation;mother;1;2;0;no;yes;no;no;yes;yes;yes;yes;4;5;4;1;1;1;4;13;12;12
471;;F;16;R;GT3;T;2;2;at_home;other;course;mother;2;2;1;no;yes;no;yes;no;yes;no;no;4;4;4;2;3;5;2;12;11;12
472;MS;F;16;R;LE3;T;2;2;other;other;home;father;3;1;0;no;yes;no;yes;yes;yes;no;yes;4;3;2;1;1;4;0;14;14;16
473;MS;M;16;U;LE3;T;2;1;at_home;services;course;mother;2;1;0;no;yes;no;yes;yes;yes;yes;no;2;4;3;2;3;4;4;10;8;10
474;MS;M;15;R;LE3;T;1;3;at_home;other;reputation;father;3;1;0;no;yes;no;yes;yes;yes;yes;no;4;2;4;3;5;3;2;10;11;11
475;MS;F;15;U;GT3;T;2;2;other;services;course;mother;2;3;0;no;yes;no;yes;yes;yes;no;no;5;3;2;1;1;4;0;12;13;14
476;MS;F;16;unknown;LE3;T;2;1; ?;other;home;mother;1;1;0;no;yes;no;no;yes;unknown;yes;yes;5;4;3;1;1;5;2;10;8;8
477;MS;M;15;U;GT3;T;3;3;services;services;course;father;2;1;0;no;yes;no;yes;no;yes;yes;no;4;3;3;2;4;3;11;12;10;11
478; ?;F;16;R;GT3;T;1;1;at_home;other;course;father;2;2;3;yes;yes;no;no;yes;yes;no ;no;3;4;3;1;1;1;0;7;7;8
479;MS;F;17;U;GT3;T;2;2;other;at_home;course;mother;1;1;0;no;yes;no;yes;yes;NO;no;no;4;5;3;1;1;5;4;9;9;10
480;MS;F;19;U;GT3;T;2;3;at_home;services;course;other;1;1;1;no;no;no;no;yes;no;yes;yes;4;4;4;1;1;2;0;9;9;10
481;MS;F;17;R;GT3;T;2;1;at_home;other;course;mother;3;1;0;no;yes;no;yes;yes;no;no;yes;5;5;3;1;1;3;2;9;10;11
482;MS;F;15;R ;LE3;T;1;1;at_home;other;course;mother;2;1;0;no;yes;no;no;yes;no;no;yes;5;2;1;1;3;4;0;9;10;9
483;MS;F;16;R;GT3;T;2;2;other;other;course;father;3;2;0;no;yes;no;no;yes; ?;yes;no;3;4;5;1;2;1;1;9;10; 11 
484;MS;F;16;U;LE3;A;2;2;other;other;home;mother;1;1;0;no;yes;no;no;yes;no;no;no;4;3;4;1;2;1;6;7;7;8
485;MS;F;17;R;GT3;T;2;2;at_home;other;course;mother;2;2;0;no;yes;no;no;yes;yes;yes;no;4;3;5;1;2;4;0;11;10;11
486;MS;F;16;U;GT3;T;2;2;other;services;course;father;1;1;1;no;yes;yes;yes;no;yes;yes;no;4;4;3;1;4;3;1;9;10;10
487;MS;F;18;R;LE3;A;3;2;other;other;course;other;2;3;2;no;yes;no;no;no;N/A;no;yes;3;3;2;1;1;2;6;7;9;10
488;MS;F;19;U;GT3;T;1;1;;services;course;mother;1;3;1;no;no;no;yes;yes;no;no;yes;5;3;1;1;1;3;6h;7;9;9
489;MS;M;18;R;GT3;T;1;1;other;other;home;mother;2;1;1;no;no;no;yes;yes;no;yes;no;4;4;3;3;4;4;0;8;9;10
490;MS;F;18;R;GT3;T;1;1;at_home;at_home;course;mother;2;1;1;no;no;no;no;no;no;yes;yes;3;2;3;1;1;2;4;9;11;10
491;MS;F;19;U;GT3;T;1;1;other;other;course;other;2;2;1;no;yes;no;no;yes;yes;yes;yes;1;1;4;4;1;1;12;7;8;9
492;MS;F;16; ?;GT3;A;2;2;health;other;course;mother;1;2;0;no;no;no;no;no; ?;no;yes;3;3;2;1;1;3;2;8;10;10
493;MS;F;17;U;GT3;T;0;1;other;at_home;course;father;2;1;0;no;no;no;yes;no;yes;no;no;2;4;4;3;5;5;5;9;9;10
494;MS;F;16;R;LE3;T;1;2;at_home;other;course;mother;1;2;0;no;no;no;yes;yes;no;yes;no;4;4;5;1;3;3;0;8;9;9
495;MS;F;16;U;GT3;T;3;3;other;other;reputation;mother;1;1h;0;no;no;no;yes;yes; n;yes;yes;4;5;4;1;1;4;0;14;13;13
496;ms;F;16;R;LE3;T;1;1;services;services;home;mother;1;1;0;no;yes;no;yes;yes;yes;yes;yes;4;4;4;2;2;4;2;14;14;14
497;MS;M;17;U;GT3;T;3;3;services;at_home;course;mother;2;4;1;no;yes;yes;yes;yes;yes;no;no;5;4;5;3;4;5;0;10;11;10
498;MS;F;16;U;GT3;T;2;1;N/A;services;course;mother;1;2;0;no;yes;no;yes;yes;yes;yes;no;5;3;3;1;1;1;0;14;13;14
499;MS;F;16;U;GT3;T;2;2;services;other;course;mother;1;1;0;no;yes;yes;yes;yes;yes;no;yes;4;2;5;1;2;5;0;17;16;16
500;;M;17;U;GT3;T;1;2;other;other;course;father;1;1;1;no;yes;no;yes;yes;no;yes;yes;5;3;5;5;5;1;12;6;7;7
501;MS;M;16;U;LE3;T;4;3;other;other;course;father;1;1;0;no;no;no;yes;yes;yes;yes;no;4;2;5;1;5;5;8;14;12;13
502;MS;M;17;R;LE3;T;2;2;services;services;other;mother;3;4;1;no;yes;no;no;yes;yes;no;no;1;3;5;3;5;3;2;10;8;9
503;MS;F;16;U;GT3;T;1;1;other;other;course;other;1;4;0;yes;yes;no;yes;yes;yes;yes;no;2;2;1;1;1;5;0;14;14;14
504;MS;F;19;U;LE3;T;2;2;other;other;home;mother;1;3;0;no;no;no;no;yes;yes;yes;yes;5;4;5;1;1;1;0;12;13;13
505;MS;F;17;r;GT3;T;1;1;at_home;other;reputation;mother;2;1;0;no;yes;no;yes;no;yes; ?;yes;4;4;5;1;2;5;0;11;11;11
506;MS;F;20;U;GT3;T;3;3;at_home;services;other;mother;2;2;1;no;no;no;yes;yes;yes;yes;yes;3;3;4;2;4;3;8;11;9;10
507;MS;F;17;U;LE3;T;1;1;other;services;unknown;father;1;3;0;no;yes;no;no;yes;YES;no;yes;4;3;3;1;1;3;0;11;11;10
508;MS;M;17;R;GT3;T;2;2;other;other;course;mother;3;1;1;no;yes;no;no;no;yes;yes;no;4;4;5;1;2;5;0;10;9;9
509;MS;F;16;R;LE3;T;1;1;at_home;other;course;father;3;2;0h;no;yes;no;no;yes;yes;no;no;5;3;2;1;1;1;0;16;17;18
510;N/A;F;17;R;GT3;T;2;2;N/A;other;reputation;mother;2;2;0;no;yes;no;yes;yes;yes;no;no;5;3;2;1;1;1;0;15;17;17
511;MS;F;17;U;GT3;A;1;0;other;other;other;mother;2;2;0;no;no;no;no;yes;yes;yes;yes;4;4;5;1;1;4;1;11;9;10
512;MS;F;18;R;GT3;T;1;1;at_home;other;other;mother;1;2;1;no;yes;no;no;yes;yes;yes;yes;4;3;2;1;1;5;9;7;7;7
513;MS;F ;16;U;GT3;T;3;1;other;other;course;mother;1;1;0;no;no;no;yes;yes;yes;yes;no;3;1;3;1;3;1;0;8;6;8
514;MS;F;16;U;GT3;T;3;2;services;at_home;course;mother;1;1;0;no;no;no;no;yes;yes;yes;no;3;1;3;1;4;3;2;7;6;7
515;MS;F;18;U;LE3;T;1;1;other;at_home;reputation;mother;2;2;0;yes;no;no;no;yes;yes;no;no;2;3;5;1;4;3;8;9;8;10
516;MS;F;16;r;GT3;T;4;4;health;teacher;reputation;father;1;2; 0 ;no;no;no;yes;no;yes;yes;yes;4;3;3;2;3;2;0;14;16;16
517;MS;F;16;R;LE3;T;1;2;other;unknown;reputation;mother;2;1;0;no;no;no;yes;yes;yes;yes;no;5;4;5;1;4;2;0;14;14;15
518;MS;F;18;U;GT3;A;2;4;other;services;reputation;father;1;2;1;no;yes;no;no;yes;yes;yes;no;2;3;2;1;3;1;8;8;5;8
519;MS;M;16;R;GT3;T;2;1;other;services;reputation;mother;2;2;0;no;no;no;yes;yes;yes;yes;no;5;2;1;1;1;2;0;8;7;0
520;MS;F;16;U;LE3;T;1;1;at_home;other;other;mother;3;2;0;no;yes;no;no;yes;yes;yes;no;4;3;2;1;3;5;6;6;8;8
521;MS;F;16;R;GT3;T;2;3;at_home;services;other;mother;2;2;0;no;yes;no;yes;yes;yes;yes;no;3;3;3;1;1;2;0;8;10;10
522;MS;F;16;U;GT3;T;4;4;health;health;course;mother;1;2;0;no;yes;no;no;yes;yes;yes;yes;4;3;4;1;2;3;4;8;8;8
523;MS;male;18;U;LE3;T;4;4;at_home;health;home;mother;1;4;0;no;yes;no;yes;yes;no;yes;yes;5;5;5;5;5;5;2;5;6;6
524;MS;F;16;R;LE3;T;3;4;at_home;other;other;mother;3;2;0;no;yes;no;no;no;yes;no;no;4;2;1;1;1;2;2;7;9;8
525;MS;M;17;U;LE3;T;4;4;other;services;home;mother;1;3;0;no;yes;no;no;yes;yes;yes;no;4;4;3;1;2;5;0;15;14;16
526;MS;F;17;R;GT3;T;4;1;other;other;other;mother;1;1;0;no;no;no;no;yes;yes;yes;yes;4;2;3;1;2;5; 1 ;13;14;14
527;MS;M;16;U;LE3;T;2;2;services;services;other;mother;4;3;0;no;no;no;no;yes;yes;no;no;5;1;3;2;2;3;0;10;9;10
528;MS;F;17;R;GT3;T;2;2;at_home;other;other;mother;1;1;0;no;yes;yes;no;yes;yes;yes;no;5;1;3;1;2;5;5;9;9;9
529;MS;F;16;U;LE3;T;4;4;services;services;other;father;2;1;0;no;yes;no;no;yes;yes;no;no;5;1;3;1;2;5;1h;11;11;11
530;MS;M;17;U;GT3;T;3;3;services;N/A;home;mother;1;1;0;no;yes;no;yes;yes;yes;yes;no;4;1;4;5;5;3;8;7;10;9
531;MS;M;17;U;GT3;T;1;1;at_home;services;other;mother;3;2h;0;no;no;no;no;yes;yes;yes;yes;5;1;3;3;3;1;0;10;10;10
532;MS;M;16;U;GT3;T;2;1;health;services;other;mother;2;2;0;no;no;no;no;no;yes;yes;yes;4;2;2;1;4;5;2;9;7;8
533;MS;F;16;U;LE3;T;2;1;other;services;other;mother;1;2;0;no;no;no;no;yes;yes;yes;yes;3;2;2;1;1;3;0;14;15;16
534; ?;M;16;U;LE3;T;4;4;teacher;health;other;father;1;1;0;no;yes;no;no;yes;yes;yes;no;4;1;2;2;5;5;0;11;12;12
535;MS;M;15;R;GT3;T;1;2;other;services;course;mother;3;2;0;no;yes;no;yes;yes;yes;no;no;5;5;5;1;3;5;11;9;11;10
536;MS;M;15;U;LE3;A;2;2;other;other;reputation;mother;3;4;0;no;yes;no;yes;yes;yes;no;no;5;4;5;2;3;5;8;13;14;14
537;Mousinho da Silveira;M;15;U;LE3;A;2;1;services;services;course;mother;1;1;0;no;no;no;yes;yes;yes;yes;no;4;3;3;1;2;5;11;12;13;12
538;N/A;F;16;R;LE3;T;2;2;other;other;course;mother;1;3;0;no;yes;no;no;no;yes;no;yes;4;3;3;2;2;5;2;11;11;11
539;MS ;F;16;U;LE3;T;4;1;other;other;home;mother;2;2;0;no;yes;no;yes;yes;yes;yes;no;1;2;4;2;2;1;8;9;10;10
540;MS;F;17;U;GT3;T;3;2;at_home;other;home;mother;2;1h;0;no;no;no;no;yes;yes;no;yes;4;3;3;2;2;1;5;9;11;11
541;MS;F;17;R;GT3;T;2;2;other;other;other;mother;2;2;0;yes;no;yes;no;yes;yes;no;no;5;1;3;1;1;5;0;11;9;11 points
542;MS;F;16;U;GT3;T;4;4;teacher;services;course;mother;2;3;0;no;yes;no;no;yes;yes;yes;yes;5;3;5;1;4;5;1;10;11;12
543;MS;M;17;R;GT3;T;4;4;health;other;course;father;3;1;3;no;no;no;yes;yes;yes;yes;yes;3;3;3;1;3;5;2;9;9;8
544;MS;M;17;R;LE3;T;1;3;other;other;course;father;2;1;0;no;no;no;yes;yes;yes;no;yes;5;1;2;3;3;5;2;12;11;12
545;MS;M;17;U;GT3;T;3;4;services;other;other;mother;1;2;1;no;yes;no;yes;no;yes;yes;yes;5;4;4;3;4;5;8;8;9;8
546;MS;F;17;U;GT3;T;4;4;health;health;;father;1;2;0;no;yes;no;no;yes;yes;yes;no;5;2;5;1;1;5;0;13;15;16
547;MS;M;16;R;LE3;T;4;1;other;at_home;other;father;1; 1 ;0;no;no;no;no;yes;yes;yes;no;4;1;2;2;1;2;0;10;11;11
548;MS;F;17;U;GT3;A;1;1;at_home;at_home;other; mother ;1;2;0;no;no;no;yes;yes;yes;yes;yes;4;5;5;1;2;3;2;11;10;11
549;MS;F;17;R;GT3;T;4;2;other;;course;mother;2;2;0;yes;yes;no;no;no;yes;yes;no;4;3;3;2;3;5;0;17;18;18
550;MS;M;16;U;LE3;A;2;2;other;services;course;father;2;2;0;no;yes;no;no;no;yes;yes;yes;4;1;2;2;2;5;0;12;13;13.0
551;MS;M;17;U;GT3;T;3;2;other;other;other;father;2;2;0;no;yes;yes;no;yes;yes;yes;no;4;1;2;2;2;1;0;13;14;13
552;MS;M;19;U;GT3;T;1;1;other;other;other;mother;1;2;2;no;yes;no;yes;yes;no;yes;no;4;4;3;3;4;4;2;9;9;10
553;MS;M;17;U;LE3;A;1;0;other;other;home;mother;1;1;0;no;no;no;no;yes;;no;yes;4;1;2;1;1;5;4;11;11;12
554;MS;F;17;R;GT3;T;1;1;at_home;at_home;course;father;2;1;0;no;yes;no;yes;yes;no;yes;yes;3;5;5;2;2;4;3;10;11;10
555;MS;F;16;R;GT3;T;1;2;other;other;home;father;1;3;0;yes;yes;no;no;no;yes;yes;yes;4;3;4;1;1;3; 5 ;13;14;13
556;MS;M;16;R;LE3;T;1;2;other;at_home;course;mother;1;1;0;no;no;no;no;yes;yes;no;no;4;4;4;2;4;5;4;9;10;11
557;;F;17;N/A;GT3;T;3;1;other;other;course;mother;2;2;3;no;yes;no;yes;no;yes;yes;yes;5;4;4;1;1;5;2;7;9;10
558;MS;M;17;R;GT3;T;2;2;other;other;course;mother;2;1;0;no;no;no;yes;yes;no;no;yes;5;5;5;3;5;5;0;8;13;10
559;MS;M;18;R;GT3;T;1;0;at_home;at_home;course;other;3;1h;1;yes;yes;no;no;yes;yes;no;no;4;3;2;1;1;4;0;12;12;13
560;MS;male;17;R;GT3;T;1;1;other;services;course;mother;2;1;0;no;yes;no;yes;no;yes;N/A;yes;4;5;5;1;3;2;0;10;9;10
561;MS;M;18;N/A;LE3;T;1;1;at_home;at_home;course;mother;2;2;0;no;yes;no;yes;yes;yes;no;no;4;3;3;1;4;5;6;10;9;10
562;MS;F;16;R;LE3;T;2;2;other;services;course;father;1;2h;0;no;no;no;yes;yes;yes;No;yes;5;4;3;1;1;1;0;11;13;12
563;MS;M;17;U;GT3;T;2;2;other;other;course;mother;1;1;1;no;no;no;yes;yes;yes;N;yes;1;2;1;2;3;5;0;7;0;0
564; ?;M;16;R;GT3;T;3;2;services;other;course;father;2;1;0;no;no;no;no;yes;yes;yes;no;4;5;5;2;3;5;2;11;9;10
565;MS;M;16;;LE3;T;1;1;at_home;other;course;mother;2;1;0;no;no;no;yes;yes;yes;yes;no;4;5;5;2;4;5;0;10;10;9
566;MS;M;18;R;GT3;T;1;1;services;unknown;course;other;2;1;1;no;yes;no;no;yes;no;yes;yes;5;3;3;2;3;5;2;9;7;9
567;MS;M;18;R;GT3;T;3;2;services;other;course;unknown;1;1;1;no;no;no;no;yes;no;yes;no;2;3;1;2;2;5;0;4;0;0
568;MS;M;19;U;GT3;T;3;2;at_home;services;course;mother;2;1;3;no;no;no;yes;yes;yes;no;no;3;2;1;1;1;3;4;6;11;9.0
569;ms;M;18;U;GT3;T;3;3;at_home;at_home;course;mother;1;2;2;no;yes;no;yes;yes;no;yes;no;4;4;5;1;3;3;9;4;8;8
570;MS;M;16;R;GT3;T;2;2;services;services;course;mother;2;1;0.0;no;yes;no;yes;yes;yes;yes;yes;5;4;3;2;4;4;6;7;8;8
571;MS;M;19;U;GT3;T;2;1;at_home;other;course;other;2;1;3;no;no;no;yes;no;no;yes;yes;4;4;3;1;3;5;4.0;8;9;9
572;MS;F;16;U;GT3;A;3;2;services;at_home;course;mother;2;2;2;no;yes;no;yes;yes;yes;no;yes;2;5;5;1;1;1;8;5;5;7
573;MS;F;17;U;GT3;T;1;1;other;at_home;course;mother;1;1;0;no;yes;no;yes;yes;yes;no;no;4;3;2;1;2;5;9;7;9;10
574;MS;M;20;R;GT3;T;1;1;unknown;other;course;other;2;1;1;no;yes;no;no;yes;no;yes;yes;4;4;3;2;4;4;12;8;11;10
575;MS;F;18;R;GT3;A;4;3;services;services;unknown;mother;1;1;0;no;yes;no;no;yes;yes;yes;no;5;4;4;3;4;2;8;10;11;10
576;MS;M;18;R;GT3;T;3;2;other;other;course;mother;2;1;0;no;yes;no;no;no;yes;yes;no;2;5;5;5;5;5;8;9;10;11
577;MS;M;19;R;GT3;T;1;1;other;services;home;other;3;2;1;no;no;no;no;yes;yes;yes;no;5;4;4;3;3;2;8;10;9;11
578;MS;M;17;U;GT3;T;3;3;health;;course;mother;2;2;1;no;yes;no;no;yes;yes;yes;no;4;5;4;2;3;3;4;8;9;10
579;MS;M;18;U;LE3;T;1;3;at_home;services; ?;mother;1;1;0;no;no;no;no;yes;no; ?;yes;4;3;3;2;3;3;0;9;10;9
580;MS;M;19;R;GT3;T;1;1;other;other;home;other;3;1;1;no;yes;no;no;yes;yes;yes;no;4;4;4;3;3;5;4;8;9;10
581;MS;F;18;U;GT3;A;1;2;at_home;unknown;course;;2;2;2;no;yes;no;no;yes;yes;no;no;4;3;3;1;1;5;2;6;8;8
582;MS;F;19;U;LE3;A;1;1;at_home;other;course;mother;1;1;0;no;yes;no;no;yes;no;no;no;1;4;4;1;1;5;0;6;8;7
583;MS;F;18;R;GT3;T;2;2;other;other;other;mother;2;1;1;no;no;no;no;yes;no;yes;yes;5;5;5;1;1;3;0;8;6;0
584;MS;F;17;R;GT3;T;0;0;at_home;other;course;mother;2;1;0;no;yes;no;no;yes;yes;yes;no;4;4;3;1;1;5;0;10;11;11
585;MS;F;17;R;LE3;A;3;1;other;at_home;course;other;2;3;0;no;yes;yes;no;yes;no;no;no;4;2;3;2;2;3;5;8;7;8
586;MS;F;17;U;GT3;T;4;2;teacher;services;home;N/A;1;2;0;yes;yes;no;yes;yes;yes;Y;no;5;5;5;1;3;5;0;8;8;0
587;MS;F;18;R;LE3;T;2;2;services;services;course;mother;1;2;1;no;yes;no;yes;yes;yes;yes;no;2;3;3;1;2;4;3;7;6;8
588;MS;F;17;U;GT3;T;4;1;health;at_home;course;mother;1;1;0;no;yes;no;no;yes;yes;no;yes;3;2;2;1;1;5;0;8;10;9
589;MS;F;17;U;LE3;T;1;2;at_home;other;course;father;1;1;0;no;no;no;no;yes;yes;yes;no;5;5;1;1;1;3;0;7;10;10
590;MS;F;18;U;GT3;T;1;1;other;other;course;mother;3;2;2;no;no;no;yes;yes;yes;no;yes;3;4;4;2;2;5;3.0;7;8;7
591;MS;F;18;U;GT3;T;2;2;services;at_home;reputation;father;2;2;0;no;no;no;yes;no;yes;yes;no;4;3;5;1;1;1;2;12;13;14
592;MS;F;17;U;GT3;T;3;3;services;services;course;mother;2;1;0;no;yes;no;no;yes;yes;yes;no;4;4;3;1;1;4;0;11;12;13
593;MS;F;18;U;LE3;A;1;2;at_home;other;reputation;mother;2;2;0;no;no;no;no;yes;yes;yes;no;4;4;3;1;2;4;0;12;13;14
594;MS;F;18;U;GT3;T;4;4;teacher;teacher;reputation;Mother;2;2;0;no;no;no;yes;no;yes;yes;no;4;3;5;1;2;1;0;18;18;18
595;MS;M;18;U;LE3;T;4;4;services;other;reputation;mother;1;1;0;no;yes;no;yes;yes;yes;yes;no;5;4;5;1;1;5;3;17;17;17
596;MS;F;17;U;GT3;T;4;2;other;other;course;mother;2;2;0;no;yes;no;no;yes;yes;yes;no;4;3;3;1;2;4;0;17;18;18
597;MS;F;18h;R;GT3;T;2;2;at_home;other;course;mother;3;2;1;no;no;no;yes;yes;yes;no;yes;4;3;3;1;1;4;0;9;0;0
598;MS;M;18;U;LE3;T;1;2;at_home;services;home;mother;2;1;0;no;yes;no;no;no;yes;no;no;4;1;4;5;5;1;8;10;11;11
599;MS;M;18;R;GT3;T;4;4;at_home;services;other;mom;3;1;0;no;yes;yes;yes;yes;yes;yes;yes;2;5;5;1;1;1;5;12;13;14
600;MS;M; 17 ;R;GT3;T;1;1;other;services;other;father;3;1;0;no;no;no;no;no;no;no;no;4;2;3;3;4;4;4;12;13;14
601;MS;F;18;U;GT3;T;2;2;other;other;course;mother;2;2;0;no;yes;no;no;no;yes;yes;yes;1;3;1;1;1;2;4;8;8;10
602;MS;F;18;U;LE3;T;2;2;services;services;course;father;2;3;0;no;no;no;no;yes;yes;yes;yes;5;4;5;1;4;3;0;11;12;13
603;MS;F;18;R;LE3;A;4;2;teacher;other;reputation;mother;1;2;0;no;no;no;yes;yes;yes;yes;yes;5;3;1;1;1;5;0;5;0;0
604;MS ;F;18;U;GT3;T;1;1;at_home;services;course;;3;2;1;no;no;no;no;yes;no;no;no;4;4;2;1;2;2;2;9;10;10
605;MS;F;19;U;GT3;T;1;1;at_home;services;other;father;2;1;1;no;no;no;no;yes;no;no;no;5;5;5;2;3;2;0;5;0;0
606;MS;F;17;U;GT3;T;4;2;teacher;other;course;father;2;4;0;no;no;no;no;yes;yes;yes;yes;4;2;3;3;1;5;0; 18 ;18;18
607;MS;F;17;R;LE3;A;2;1;services;other;reputation;mother;2;2;0;no;no;no;yes;yes;yes;yes;yes;5;3;3;1;2;2;5;11;11;12
608;MS;F;18;U ;LE3;A;1;1;at_home;services;course;mother;1;2;0;no;no;no;no;yes;yes;no;yes;5;2;3;1;2;3;2;8;10;11
609;MS;F;18; ?;GT3;T;1;2;at_home;at_home;course;father;2;2;0;no;yes;no;no;yes;no;no;no;4;1;1;1;1;4;0.0;11;11;12
610;MS;F;19;R;GT3;A;1;1;at_home;at_home;course;other;2;2;3;no;yes;no;yes;yes;no;no;yes;3;5;4;1;4;1;0;8;0;0
611;MS;female;18;R;GT3;T;2;2;services;other;home;mother;2;3;0;no;no;no;no;yes;Yes;yes;yes;4;2;1;1;1;4;5;14;14;15
612;MS;M;17;R;GT3;T;4;3;services;other;home;mother;2;2;1;no;yes;yes;yes;no;yes;yes;yes;4;5;5;1;3;2;4;10;11;11 points
613;MS;F;18;U;GT3;T;3;3;services;services;course;father;1;2;0;no;yes;no;no;yes;yes;no;yes;5;3;4;1;1;5;0;10;10;10
614;MS;F;17;R;GT3;T;4;4;teacher;services;other;father;2;2;0;no;yes;yes;yes;yes;yes;yes;no;4;3;3;1;2;5;2; 12 ;12;12
615;MS;F;17;U;LE3;A;3;2;services;other;reputation;mother;2;2;0;no;no;no;no;yes;yes;no;yes;1;2;3;1;2;5;0;15.0;14;15
616;MS;M;18;U;LE3;T;1;1;other;services;home;father;2;1;0;no;no;no;no;no;yes;yes;yes;3;3;2;1;2;3;2;14;13;14
617;MS;F;18; ?;LE3;T;1;1;at_home;services;course;father;2;3;0;no;no;no;no;yes;yes;yes;no;5;3;2;1;1;4;0;19;17 points;18
618;MS;F;18;R;LE3;A;1;2;at_home;other;course;mother;3;2;0;no;no;no;no;yes;yes;no;yes;4;3;4;1;4;5;0;16;15;15
619;MS;F;18;U;GT3;T;3;3;;services;other;mother;2;2;-1;no;yes;no;no;yes;yes;yes;yes;4;3;2;1;3;3;6;13;12;13
620;MS;F;17;U;LE3;T;4;4;at_home;at_home;course;Mother;1;2;0;no;yes;no;yes;yes;yes;yes;yes;2;3;4;1;1;1;4;15;14;15
621;MS;F;17;R;GT3;T;1;2;other;services;course;father;2;2;0;no;no;no;no;no;yes;no;no;3;2;2;1;2;3;0;13;13;13
622;MS;M;18;R;GT3;T;1;3;at_home;other;course; ?;2;2;0;no;yes;yes;no;yes;yes;no;no;3;3;4;2;4;3;0;8;10;9
623;unknown;M;18;U;LE3;T;4;4;teacher;services;other;mother;2;3;0;no;no;no;no;yes;yes;yes;yes;4;2;2;2;2;5;0;15;16;16
624;MS;F;17;R;GT3;T;1;1;other;services;reputation;mother;3;1;1;no;yes;no;no;yes;yes;yes;yes;5;2;1;1;2;1;0;8;8;9
625;MS;F;18;U;GT3;T;2;3;at_home;services;course;father;2;1;0;no;yes;no;no;yes;yes;yes;yes;5;2;3;1;2;4;0;10;10;10
626;MS;F;18;R;GT3;T;4;4;other;teacher;other;father;3;2;0;no;yes;no;no;no;yes;yes;yes;3;2;2;4;2;5;0;7;5;0
627;MS;M;18;R;LE3;T;1;2;at_home;services;other;father;3;1;0;no;yes;no;yes;yes;no; ?;yes;4;3;3;2;3;3;3;9;10;10
628;MS;F;17;U ;GT3;T;2;2;other;at_home;home;mother;1;3;0;no;no;no;yes;yes;yes;no;yes;3;4;3;1;1;3;8;10;11;12
629;MS;F;17;R;GT3;T;1;2;other;other;course;mother;1;1;0;no;no;no;yes;yes;yes;yes;no;3;5;5;1;3;1;4;7;8;9
630;MS;F;18;unknown;LE3;T;4;4;other;other;reputation;mother;2;3;0;no;no;no;no;yes; y;yes;no;5;4;4;1;1;1;0;15;17;17
631;MS;F;18;R;GT3;T;1;1;other;other;home;mother;4;3;0;no;no;no;no;yes;yes;yes;no;4;3;2;1;2;4;4;10;11;12
632;MS;F;19;R;GT3;T;1;1;at_home;other;course;other;2;2;1;no;yes;no;no;yes;yes;yes;yes;4;3;3;1;1;3;4;7;8;9
633;MS;F;18;R;LE3;T;4;4;teacher;services;course;mother;1;2;0;no;no;no;yes;yes;yes;yes;no;5;4;3;3;4;2;1;13;14;14
634;MS;F;18;U;GT3;T;3;3;other;other;home;mother;1;2;0;no;no;no;no;yes;;yes;yes;4;1;3;1;2;1;1;16;16;16
635;MS;F;17;R;GT3;T;3;1;at_home;other;reputation;mother;1;2;0;no;yes;no;yes;no;yes;yes;no;4;5;4;2;3;1;10;8;9;9
636;MS;M;18;U;GT3;T;4;4;teacher;teacher;home;father;1;2;0;no;no;no;yes;no;yes;yes;no;3;2;4;1;4;2;4;17;18;19
637;MS;M;18;R;GT3;T;2;1;other;other;other;mother;2;1;0;no;no;no;yes;no;yes;yes;yes;4;4;3;1;3;5;0;7;7;0.0
638;MS;M;17;U;GT3;T;2;3;other;services;home;father;2;2;0;no;no;no;yes;yes;yes;yes;no;4;4;3;1;1;3;4;14; 15 ;16
639;MS;M;19;R;GT3;T;1;1;other;services;other;mother;2;1;1;no;no;no;no;yes;yes;no;no;4;3;2;1;3;5;0;5;8;0
640;MS;M;18;R;GT3;T;4;2;other;other;home;father;2;1;1;no;no;yes;no;yes;yes;no;no;5;4;3;4;3;3;0;7;7;0
641;MS;F;18;R;GT3;T;2;2;at_home;other;other;mother;2;3;0;no;no;no;no;yes;yes;no;no;5;3;3;1;3;4;0;14;17;15
642;MS;F;17;U;GT3;T;4;3;teacher;other;other;mother;2;2;0;no;no;no;no;yes;yes;yes;no;5;5;4;1;1;1;0.0;6;9;11
643;MS;F;18;R;GT3;T;4;4;teacher;at_home;reputation;mother;3;1;0;no;yes;no;yes;yes;yes;yes;yes;4;4;3;2;2;5;4;7;9;10
644;MS;F;19;;GT3;T;2;3;services;other;course;mother;1;3;1;no;no;no;yes;no;yes;yes;no;5;4;2;1;2;5;4;10;11;10
645;MS;F;18;U;LE3;T;3;1;teacher;services;course;mother;1;2;0;no;yes;no;no;yes;yes;yes;no;4;3;4;1;1;1;4;15;15;16
646;MS ;F;18;U;GT3;T;1;1;other;other;course;mother;2;2;0;no;no;no;yes;yes;yes;no;no;1;1;1;1;1;5;6;11;12;9
647;MS;M;17;U;LE3;T;3;1;services;services;course;mother;2;1;0;no;no;no;no;no;yes;yes;no;2;4;5;3;4;2;6;10;10; 10 
648;MS;M;18;R;LE3;T;3;2;services;other;course;mother;3;1;0;no;no;no;no;no;yes;yes;no;4;4;1;3;4;5;4;10;11;11
649;GP;F;18;U;GT3;A;4;4;at_home;teacher;course;mother;2;2;0;yes;no;no;no;yes;yes;no;no;4;3;4;1;1;3;4;0;11;11
650;GP ;F;17;u;GT3;T;1;1;at_home;other;course;father;1;2;0;no;yes;no;no;no;yes;yes;no;5;3;3;1;1;3;2;9;11;11
651;GP;female;15;U;LE3;T;1;1;at_home;other;other;mother;1;2;0;yes;no;no;no;yes;yes;yes;no;4;3;2;2;3;3;6;12;13;12
